codigo_pedidos,codigo_produto,quantidade_produto,codigo_cliente,codigo_regiao,codigo_fornecedores,codigo_vendedor,data_pedido,data_entrega,linha_produto,nome_produto,preco_produto,estoque_produto,nome_fornecedor,endereco_fornecedor,cidade_fornecedor,estado_fornecedor,cep_fornecedor,telefone_fornecedor,fax_fornecedor,nome_cliente,sobrenome_cliente,endereco_cliente,estado_cliente,cidade_cliente,cep_cliente,telefone_cliente,sexo_cliente,estadocivil_cliente
1,101,1,63,02,6,02,"2011-03-01 00:00:00","2011-03-01 00:00:00",LP002,"Toyota Hilux",91000,5,"Red Hat","649-2745 Dictum Rd.",Plantation,RS,25259,5067-0555,3545-1348,Glenna,Wall,"Ap #728-4137 Facilisis Avenue",BA,Salvador,41152,"1 55 856 5489-4394",M,Solteiro
1,301,2,63,02,4,02,"2011-03-01 00:00:00","2011-03-01 00:00:00",LP003,"Citroen C5",190000,10,Google,"535-5041 Lectus Road",Hartland,ES,75284,9680-6151,7806-5380,Glenna,Wall,"Ap #728-4137 Facilisis Avenue",BA,Salvador,41152,"1 55 856 5489-4394",M,Solteiro
2,101,1,71,04,6,03,"2011-05-02 00:00:00","2011-05-02 00:00:00",LP002,"Toyota Hilux",91000,5,"Red Hat","649-2745 Dictum Rd.",Plantation,RS,25259,5067-0555,3545-1348,Desiree,Mcknight,"895-9966 Lorem Avenue",GO,"Holy See (Vatican City State)",09139,"1 55 189 9407-2048",F,Solteiro
3,303,1,70,05,1,05,"2011-08-04 00:00:00","2011-08-04 00:00:00",LP002,"KIA Sportge",83450,5,"Ambiente Livre","P.O. Box 728, 4847 Erat. Street",Fairmont,PR,89859,9137-0607,8278-8767,Justine,Robbins,"Ap #780-619 Quis, Road",RS,Madagascar,76573,"1 55 195 9850-8806",M,Casado
4,202,1,72,04,6,06,"2011-07-06 00:00:00","2011-07-06 00:00:00",LP003,"Toyota Corolla",156990,9,"Red Hat","649-2745 Dictum Rd.",Plantation,RS,25259,5067-0555,3545-1348,Blaze,Heath,"295-1356 Suscipit Rd.",GO,Mayotte,57158,"1 55 147 5457-5956",M,Casado
5,303,1,56,01,1,04,"2011-11-04 00:00:00","2011-11-04 00:00:00",LP002,"KIA Sportge",83450,5,"Ambiente Livre","P.O. Box 728, 4847 Erat. Street",Fairmont,PR,89859,9137-0607,8278-8767,Raven,Emerson,"Ap #783-1492 Enim Av.",SP,"São Paulo",14184,"1 55 203 8561-7210",M,Viuvo
6,102,3,57,05,3,05,"2011-11-09 00:00:00","2011-11-24 00:00:00",LP003,"Hyundai Azera",118895,5,Pentaho,"199-9453 Et Road",Jeffersonville,BA,28068,9510-8044,9408-7841,Dustin,Terry,"Ap #242-818 Sollicitudin Avenue",SC,Florianópolis,16658,"1 55 796 3570-8804",F,Viuvo
7,504,1,53,05,5,06,"2011-12-10 00:00:00","2011-12-28 00:00:00",LP003,"BMW X3",129990,8,OpenOffice.org,"848-3105 Sagittis. Rd.",Lexington,SC,61968,4074-7588,8723-2572,Inez,Cruz,"P.O. Box 312, 2893 Metus Ave",RS,"Porto Alegre",68814,"1 55 436 2072-7494",M,Casado
8,509,1,53,05,1,04,"2011-02-01 00:00:00","2011-02-21 00:00:00",LP003,"Honda Civic",140000,5,"Ambiente Livre","P.O. Box 728, 4847 Erat. Street",Fairmont,PR,89859,9137-0607,8278-8767,Inez,Cruz,"P.O. Box 312, 2893 Metus Ave",RS,"Porto Alegre",68814,"1 55 436 2072-7494",M,Casado
9,704,1,60,03,5,03,"2011-05-21 00:00:00","2011-05-22 00:00:00",LP003,"Volkswagem Passat",119999,3,OpenOffice.org,"848-3105 Sagittis. Rd.",Lexington,SC,61968,4074-7588,8723-2572,Kiayada,Mccormick,"P.O. Box 255, 6409 Luctus St.",PA,Belem,33529,"1 55 154 7258-5534",M,Solteiro
10,204,4,78,04,2,03,"2011-04-12 00:00:00","2011-04-24 00:00:00",LP001,"Chevrolet Vectra",55800,6,Apache,"921-6442 Congue, Street",Biddeford,SP,60349,3160-3207,6540-8921,Yoshi,Gross,"892-3324 Tempor Rd.",RJ,Fiji,75319,"1 55 190 3843-5827",F,Casado
11,400,1,55,02,2,02,"2011-10-16 00:00:00","2011-10-29 00:00:00",LP001,"Volkswagem Jetta",56900,7,Apache,"921-6442 Congue, Street",Biddeford,SP,60349,3160-3207,6540-8921,Desiree,Landry,"P.O. Box 457, 1977 Lectus Av.",BA,Salvador,32867,"1 55 102 9643-2150",F,Viuvo
12,301,1,56,01,4,05,"2011-12-30 00:00:00","2007-01-20 00:00:00",LP003,"Citroen C5",190000,10,Google,"535-5041 Lectus Road",Hartland,ES,75284,9680-6151,7806-5380,Raven,Emerson,"Ap #783-1492 Enim Av.",SP,"São Paulo",14184,"1 55 203 8561-7210",M,Viuvo
13,202,2,78,04,6,01,"2011-01-12 00:00:00","2011-01-08 00:00:00",LP003,"Toyota Corolla",156990,9,"Red Hat","649-2745 Dictum Rd.",Plantation,RS,25259,5067-0555,3545-1348,Yoshi,Gross,"892-3324 Tempor Rd.",RJ,Fiji,75319,"1 55 190 3843-5827",F,Casado
14,400,1,70,05,2,01,"2011-03-12 00:00:00","2011-03-20 00:00:00",LP001,"Volkswagem Jetta",56900,7,Apache,"921-6442 Congue, Street",Biddeford,SP,60349,3160-3207,6540-8921,Justine,Robbins,"Ap #780-619 Quis, Road",RS,Madagascar,76573,"1 55 195 9850-8806",M,Casado
15,301,3,72,04,4,04,"2007-02-06 00:00:00","2007-02-22 00:00:00",LP003,"Citroen C5",190000,10,Google,"535-5041 Lectus Road",Hartland,ES,75284,9680-6151,7806-5380,Blaze,Heath,"295-1356 Suscipit Rd.",GO,Mayotte,57158,"1 55 147 5457-5956",M,Casado
16,202,2,61,01,6,03,"2007-08-06 00:00:00","2007-08-30 00:00:00",LP003,"Toyota Corolla",156990,9,"Red Hat","649-2745 Dictum Rd.",Plantation,RS,25259,5067-0555,3545-1348,Breanna,Hyde,"Ap #160-1936 Neque St.",SP,"Ribeirão Preto",21411,"1 55 169 3178-6135",M,Casado
16,204,2,61,01,2,03,"2007-08-06 00:00:00","2007-08-30 00:00:00",LP001,"Chevrolet Vectra",55800,6,Apache,"921-6442 Congue, Street",Biddeford,SP,60349,3160-3207,6540-8921,Breanna,Hyde,"Ap #160-1936 Neque St.",SP,"Ribeirão Preto",21411,"1 55 169 3178-6135",M,Casado
17,400,1,51,05,2,04,"2011-03-12 00:00:00","2011-03-29 00:00:00",LP001,"Volkswagem Jetta",56900,7,Apache,"921-6442 Congue, Street",Biddeford,SP,60349,3160-3207,6540-8921,Sydnee,Vincent,"5462 Ac Road",PR,Curitiba,81573,"1 55 547 7624-9315",M,Solteiro
17,704,1,51,05,5,04,"2011-03-12 00:00:00","2011-03-29 00:00:00",LP003,"Volkswagem Passat",119999,3,OpenOffice.org,"848-3105 Sagittis. Rd.",Lexington,SC,61968,4074-7588,8723-2572,Sydnee,Vincent,"5462 Ac Road",PR,Curitiba,81573,"1 55 547 7624-9315",M,Solteiro
18,301,2,54,02,4,03,"2011-07-12 00:00:00","2011-07-29 00:00:00",LP003,"Citroen C5",190000,10,Google,"535-5041 Lectus Road",Hartland,ES,75284,9680-6151,7806-5380,Lee,Harper,"Ap #586-997 Luctus Rd.",BA,Bahamas,08152,"1 55 514 5962-4672",M,Viuvo
19,202,2,66,02,6,05,"2008-03-30 00:00:00","2010-03-17 00:00:00",LP003,"Toyota Corolla",156990,9,"Red Hat","649-2745 Dictum Rd.",Plantation,RS,25259,5067-0555,3545-1348,Warren,Mclaughlin,"870-9660 Lectus Rd.",MA,India,25308,"1 55 397 3186-3390",F,Solteiro
20,400,1,78,04,2,06,"2008-04-23 00:00:00","2010-04-15 00:00:00",LP001,"Volkswagem Jetta",56900,7,Apache,"921-6442 Congue, Street",Biddeford,SP,60349,3160-3207,6540-8921,Yoshi,Gross,"892-3324 Tempor Rd.",RJ,Fiji,75319,"1 55 190 3843-5827",F,Casado
21,301,3,75,04,4,02,"2008-05-12 00:00:00","2010-05-30 00:00:00",LP003,"Citroen C5",190000,10,Google,"535-5041 Lectus Road",Hartland,ES,75284,9680-6151,7806-5380,Amal,Sanders,"8524 Vivamus St.",RJ,"Bouvet Island",27181,"1 55 148 1852-6648",M,Solteiro
22,504,1,68,05,5,02,"2007-01-12 00:00:00","2007-01-14 00:00:00",LP003,"BMW X3",129990,8,OpenOffice.org,"848-3105 Sagittis. Rd.",Lexington,SC,61968,4074-7588,8723-2572,Nigel,Bates,"9043 Parturient Street",SC,Rwanda,19674,"1 55 522 5578-1028",M,Solteiro
23,601,1,64,01,1,01,"2007-03-18 00:00:00","2007-03-19 00:00:00",LP001,"Chevrolet Corsa",14300,5,"Ambiente Livre","P.O. Box 728, 4847 Erat. Street",Fairmont,PR,89859,9137-0607,8278-8767,Lani,Huber,"P.O. Box 137, 5886 Id Street",DF,Portugal,28656,"1 55 311 6010-3140",F,Casado
24,101,1,75,04,6,01,"2007-02-14 00:00:00","2007-02-14 00:00:00",LP002,"Toyota Hilux",91000,5,"Red Hat","649-2745 Dictum Rd.",Plantation,RS,25259,5067-0555,3545-1348,Amal,Sanders,"8524 Vivamus St.",RJ,"Bouvet Island",27181,"1 55 148 1852-6648",M,Solteiro
25,804,1,70,05,3,05,"2007-02-02 00:00:00","2007-02-03 00:00:00",LP002,"Jeep Gran Cherokee",80000,1,Pentaho,"199-9453 Et Road",Jeffersonville,BA,28068,9510-8044,9408-7841,Justine,Robbins,"Ap #780-619 Quis, Road",RS,Madagascar,76573,"1 55 195 9850-8806",M,Casado
26,304,1,56,01,3,04,"2007-01-29 00:00:00","2007-01-30 00:00:00",LP001,"Fiat Palio",14900,5,Pentaho,"199-9453 Et Road",Jeffersonville,BA,28068,9510-8044,9408-7841,Raven,Emerson,"Ap #783-1492 Enim Av.",SP,"São Paulo",14184,"1 55 203 8561-7210",M,Viuvo
27,504,1,65,01,5,06,"2007-04-01 00:00:00","2007-04-04 00:00:00",LP003,"BMW X3",129990,8,OpenOffice.org,"848-3105 Sagittis. Rd.",Lexington,SC,61968,4074-7588,8723-2572,Kaye,Rivera,"5537 Sed Ave",SP,"Equatorial Guinea",21077,"1 55 399 9910-3253",M,Viuvo
28,601,1,71,04,1,06,"2007-06-21 00:00:00","2007-06-24 00:00:00",LP001,"Chevrolet Corsa",14300,5,"Ambiente Livre","P.O. Box 728, 4847 Erat. Street",Fairmont,PR,89859,9137-0607,8278-8767,Desiree,Mcknight,"895-9966 Lorem Avenue",GO,"Holy See (Vatican City State)",09139,"1 55 189 9407-2048",F,Solteiro
29,509,1,51,05,1,05,"2007-04-16 00:00:00","2007-04-17 00:00:00",LP003,"Honda Civic",140000,5,"Ambiente Livre","P.O. Box 728, 4847 Erat. Street",Fairmont,PR,89859,9137-0607,8278-8767,Sydnee,Vincent,"5462 Ac Road",PR,Curitiba,81573,"1 55 547 7624-9315",M,Solteiro
30,101,1,70,05,6,02,"2007-06-28 00:00:00","2007-06-29 00:00:00",LP002,"Toyota Hilux",91000,5,"Red Hat","649-2745 Dictum Rd.",Plantation,RS,25259,5067-0555,3545-1348,Justine,Robbins,"Ap #780-619 Quis, Road",RS,Madagascar,76573,"1 55 195 9850-8806",M,Casado
31,202,1,79,02,6,04,"2007-05-21 00:00:00","2007-05-22 00:00:00",LP003,"Toyota Corolla",156990,9,"Red Hat","649-2745 Dictum Rd.",Plantation,RS,25259,5067-0555,3545-1348,Lacy,Barron,"7613 Varius St.",AL,Australia,45865,"1 55 965 2494-0777",F,Solteiro
32,804,1,72,04,3,03,"2007-04-20 00:00:00","2007-04-22 00:00:00",LP002,"Jeep Gran Cherokee",80000,1,Pentaho,"199-9453 Et Road",Jeffersonville,BA,28068,9510-8044,9408-7841,Blaze,Heath,"295-1356 Suscipit Rd.",GO,Mayotte,57158,"1 55 147 5457-5956",M,Casado
33,102,1,54,02,3,05,"2007-04-05 00:00:00","2007-04-07 00:00:00",LP003,"Hyundai Azera",118895,5,Pentaho,"199-9453 Et Road",Jeffersonville,BA,28068,9510-8044,9408-7841,Lee,Harper,"Ap #586-997 Luctus Rd.",BA,Bahamas,08152,"1 55 514 5962-4672",M,Viuvo
34,304,1,55,02,3,03,"2007-04-23 00:00:00","2007-04-25 00:00:00",LP001,"Fiat Palio",14900,5,Pentaho,"199-9453 Et Road",Jeffersonville,BA,28068,9510-8044,9408-7841,Desiree,Landry,"P.O. Box 457, 1977 Lectus Av.",BA,Salvador,32867,"1 55 102 9643-2150",F,Viuvo
35,302,1,53,05,1,05,"2007-08-26 00:00:00","2007-08-27 00:00:00",LP001,"Fiat Linea",54999,14,"Ambiente Livre","P.O. Box 728, 4847 Erat. Street",Fairmont,PR,89859,9137-0607,8278-8767,Inez,Cruz,"P.O. Box 312, 2893 Metus Ave",RS,"Porto Alegre",68814,"1 55 436 2072-7494",M,Casado
36,601,1,65,01,1,01,"2007-09-13 00:00:00","2007-09-14 00:00:00",LP001,"Chevrolet Corsa",14300,5,"Ambiente Livre","P.O. Box 728, 4847 Erat. Street",Fairmont,PR,89859,9137-0607,8278-8767,Kaye,Rivera,"5537 Sed Ave",SP,"Equatorial Guinea",21077,"1 55 399 9910-3253",M,Viuvo
37,201,1,64,01,1,01,"2007-08-29 00:00:00","2007-08-30 00:00:00",LP002,"Hiundai Tucson",85900,8,"Ambiente Livre","P.O. Box 728, 4847 Erat. Street",Fairmont,PR,89859,9137-0607,8278-8767,Lani,Huber,"P.O. Box 137, 5886 Id Street",DF,Portugal,28656,"1 55 311 6010-3140",F,Casado
38,509,1,71,04,1,02,"2007-09-17 00:00:00","2007-09-19 00:00:00",LP003,"Honda Civic",140000,5,"Ambiente Livre","P.O. Box 728, 4847 Erat. Street",Fairmont,PR,89859,9137-0607,8278-8767,Desiree,Mcknight,"895-9966 Lorem Avenue",GO,"Holy See (Vatican City State)",09139,"1 55 189 9407-2048",F,Solteiro
39,704,1,51,05,5,04,"2007-09-19 00:00:00","2007-09-20 00:00:00",LP003,"Volkswagem Passat",119999,3,OpenOffice.org,"848-3105 Sagittis. Rd.",Lexington,SC,61968,4074-7588,8723-2572,Sydnee,Vincent,"5462 Ac Road",PR,Curitiba,81573,"1 55 547 7624-9315",M,Solteiro
40,102,1,60,03,3,02,"2007-07-02 00:00:00","2007-07-04 00:00:00",LP003,"Hyundai Azera",118895,5,Pentaho,"199-9453 Et Road",Jeffersonville,BA,28068,9510-8044,9408-7841,Kiayada,Mccormick,"P.O. Box 255, 6409 Luctus St.",PA,Belem,33529,"1 55 154 7258-5534",M,Solteiro
41,304,1,75,04,3,03,"2007-08-23 00:00:00","2007-08-25 00:00:00",LP001,"Fiat Palio",14900,5,Pentaho,"199-9453 Et Road",Jeffersonville,BA,28068,9510-8044,9408-7841,Amal,Sanders,"8524 Vivamus St.",RJ,"Bouvet Island",27181,"1 55 148 1852-6648",M,Solteiro
42,509,1,65,01,1,04,"2007-11-05 00:00:00","2007-11-07 00:00:00",LP003,"Honda Civic",140000,5,"Ambiente Livre","P.O. Box 728, 4847 Erat. Street",Fairmont,PR,89859,9137-0607,8278-8767,Kaye,Rivera,"5537 Sed Ave",SP,"Equatorial Guinea",21077,"1 55 399 9910-3253",M,Viuvo
43,101,1,71,04,6,01,"2007-10-31 00:00:00","2007-11-01 00:00:00",LP002,"Toyota Hilux",91000,5,"Red Hat","649-2745 Dictum Rd.",Plantation,RS,25259,5067-0555,3545-1348,Desiree,Mcknight,"895-9966 Lorem Avenue",GO,"Holy See (Vatican City State)",09139,"1 55 189 9407-2048",F,Solteiro
44,704,1,60,03,5,05,"2007-12-24 00:00:00","2007-12-26 00:00:00",LP003,"Volkswagem Passat",119999,3,OpenOffice.org,"848-3105 Sagittis. Rd.",Lexington,SC,61968,4074-7588,8723-2572,Kiayada,Mccormick,"P.O. Box 255, 6409 Luctus St.",PA,Belem,33529,"1 55 154 7258-5534",M,Solteiro
45,202,1,75,04,6,03,"2007-11-06 00:00:00","2007-11-07 00:00:00",LP003,"Toyota Corolla",156990,9,"Red Hat","649-2745 Dictum Rd.",Plantation,RS,25259,5067-0555,3545-1348,Amal,Sanders,"8524 Vivamus St.",RJ,"Bouvet Island",27181,"1 55 148 1852-6648",M,Solteiro
46,804,1,66,02,3,02,"2007-10-25 00:00:00","2007-10-26 00:00:00",LP002,"Jeep Gran Cherokee",80000,1,Pentaho,"199-9453 Et Road",Jeffersonville,BA,28068,9510-8044,9408-7841,Warren,Mclaughlin,"870-9660 Lectus Rd.",MA,India,25308,"1 55 397 3186-3390",F,Solteiro
47,301,1,68,05,4,05,"2007-04-07 00:00:00","2007-04-08 00:00:00",LP003,"Citroen C5",190000,10,Google,"535-5041 Lectus Road",Hartland,ES,75284,9680-6151,7806-5380,Nigel,Bates,"9043 Parturient Street",SC,Rwanda,19674,"1 55 522 5578-1028",M,Solteiro
48,509,1,64,01,1,04,"2007-06-18 00:00:00","2007-06-19 00:00:00",LP003,"Honda Civic",140000,5,"Ambiente Livre","P.O. Box 728, 4847 Erat. Street",Fairmont,PR,89859,9137-0607,8278-8767,Lani,Huber,"P.O. Box 137, 5886 Id Street",DF,Portugal,28656,"1 55 311 6010-3140",F,Casado
49,101,1,57,05,6,04,"2007-05-20 00:00:00","2007-05-22 00:00:00",LP002,"Toyota Hilux",91000,5,"Red Hat","649-2745 Dictum Rd.",Plantation,RS,25259,5067-0555,3545-1348,Dustin,Terry,"Ap #242-818 Sollicitudin Avenue",SC,Florianópolis,16658,"1 55 796 3570-8804",F,Viuvo
50,804,1,79,02,3,01,"2007-01-03 00:00:00","2007-01-05 00:00:00",LP002,"Jeep Gran Cherokee",80000,1,Pentaho,"199-9453 Et Road",Jeffersonville,BA,28068,9510-8044,9408-7841,Lacy,Barron,"7613 Varius St.",AL,Australia,45865,"1 55 965 2494-0777",F,Solteiro
51,509,1,54,02,1,03,"2007-01-10 00:00:00","2007-01-11 00:00:00",LP003,"Honda Civic",140000,5,"Ambiente Livre","P.O. Box 728, 4847 Erat. Street",Fairmont,PR,89859,9137-0607,8278-8767,Lee,Harper,"Ap #586-997 Luctus Rd.",BA,Bahamas,08152,"1 55 514 5962-4672",M,Viuvo
52,704,1,63,02,5,02,"2007-02-15 00:00:00","2007-02-16 00:00:00",LP003,"Volkswagem Passat",119999,3,OpenOffice.org,"848-3105 Sagittis. Rd.",Lexington,SC,61968,4074-7588,8723-2572,Glenna,Wall,"Ap #728-4137 Facilisis Avenue",BA,Salvador,41152,"1 55 856 5489-4394",M,Solteiro
53,504,1,55,02,5,02,"2007-02-16 00:00:00","2007-02-17 00:00:00",LP003,"BMW X3",129990,8,OpenOffice.org,"848-3105 Sagittis. Rd.",Lexington,SC,61968,4074-7588,8723-2572,Desiree,Landry,"P.O. Box 457, 1977 Lectus Av.",BA,Salvador,32867,"1 55 102 9643-2150",F,Viuvo
54,601,1,61,01,1,05,"2007-01-19 00:00:00","2007-01-20 00:00:00",LP001,"Chevrolet Corsa",14300,5,"Ambiente Livre","P.O. Box 728, 4847 Erat. Street",Fairmont,PR,89859,9137-0607,8278-8767,Breanna,Hyde,"Ap #160-1936 Neque St.",SP,"Ribeirão Preto",21411,"1 55 169 3178-6135",M,Casado
55,301,1,66,02,4,06,"2007-09-26 00:00:00","2007-09-27 00:00:00",LP003,"Citroen C5",190000,10,Google,"535-5041 Lectus Road",Hartland,ES,75284,9680-6151,7806-5380,Warren,Mclaughlin,"870-9660 Lectus Rd.",MA,India,25308,"1 55 397 3186-3390",F,Solteiro
56,302,1,78,04,1,04,"2007-09-28 00:00:00","2007-10-01 00:00:00",LP001,"Fiat Linea",54999,14,"Ambiente Livre","P.O. Box 728, 4847 Erat. Street",Fairmont,PR,89859,9137-0607,8278-8767,Yoshi,Gross,"892-3324 Tempor Rd.",RJ,Fiji,75319,"1 55 190 3843-5827",F,Casado
57,601,1,56,01,1,04,"2007-07-21 00:00:00","2007-07-25 00:00:00",LP001,"Chevrolet Corsa",14300,5,"Ambiente Livre","P.O. Box 728, 4847 Erat. Street",Fairmont,PR,89859,9137-0607,8278-8767,Raven,Emerson,"Ap #783-1492 Enim Av.",SP,"São Paulo",14184,"1 55 203 8561-7210",M,Viuvo
58,509,1,79,02,1,03,"2007-08-14 00:00:00","2007-08-15 00:00:00",LP003,"Honda Civic",140000,5,"Ambiente Livre","P.O. Box 728, 4847 Erat. Street",Fairmont,PR,89859,9137-0607,8278-8767,Lacy,Barron,"7613 Varius St.",AL,Australia,45865,"1 55 965 2494-0777",F,Solteiro
59,804,1,63,02,3,01,"2007-08-17 00:00:00","2007-08-16 00:00:00",LP002,"Jeep Gran Cherokee",80000,1,Pentaho,"199-9453 Et Road",Jeffersonville,BA,28068,9510-8044,9408-7841,Glenna,Wall,"Ap #728-4137 Facilisis Avenue",BA,Salvador,41152,"1 55 856 5489-4394",M,Solteiro
60,601,1,55,02,1,01,"2007-07-29 00:00:00","2007-07-30 00:00:00",LP001,"Chevrolet Corsa",14300,5,"Ambiente Livre","P.O. Box 728, 4847 Erat. Street",Fairmont,PR,89859,9137-0607,8278-8767,Desiree,Landry,"P.O. Box 457, 1977 Lectus Av.",BA,Salvador,32867,"1 55 102 9643-2150",F,Viuvo
61,301,1,57,05,4,02,"2007-09-03 00:00:00","2007-09-04 00:00:00",LP003,"Citroen C5",190000,10,Google,"535-5041 Lectus Road",Hartland,ES,75284,9680-6151,7806-5380,Dustin,Terry,"Ap #242-818 Sollicitudin Avenue",SC,Florianópolis,16658,"1 55 796 3570-8804",F,Viuvo
62,201,1,51,05,1,06,"2007-12-27 00:00:00","2007-12-27 00:00:00",LP002,"Hiundai Tucson",85900,8,"Ambiente Livre","P.O. Box 728, 4847 Erat. Street",Fairmont,PR,89859,9137-0607,8278-8767,Sydnee,Vincent,"5462 Ac Road",PR,Curitiba,81573,"1 55 547 7624-9315",M,Solteiro
63,204,1,78,04,2,05,"2007-11-06 00:00:00","2007-11-07 00:00:00",LP001,"Chevrolet Vectra",55800,6,Apache,"921-6442 Congue, Street",Biddeford,SP,60349,3160-3207,6540-8921,Yoshi,Gross,"892-3324 Tempor Rd.",RJ,Fiji,75319,"1 55 190 3843-5827",F,Casado
64,804,1,70,05,3,05,"2007-12-12 00:00:00","2007-12-13 00:00:00",LP002,"Jeep Gran Cherokee",80000,1,Pentaho,"199-9453 Et Road",Jeffersonville,BA,28068,9510-8044,9408-7841,Justine,Robbins,"Ap #780-619 Quis, Road",RS,Madagascar,76573,"1 55 195 9850-8806",M,Casado
65,504,1,72,04,5,02,"2007-12-13 00:00:00","2007-12-16 00:00:00",LP003,"BMW X3",129990,8,OpenOffice.org,"848-3105 Sagittis. Rd.",Lexington,SC,61968,4074-7588,8723-2572,Blaze,Heath,"295-1356 Suscipit Rd.",GO,Mayotte,57158,"1 55 147 5457-5956",M,Casado
66,304,1,54,02,3,01,"2007-11-14 00:00:00","2007-11-17 00:00:00",LP001,"Fiat Palio",14900,5,Pentaho,"199-9453 Et Road",Jeffersonville,BA,28068,9510-8044,9408-7841,Lee,Harper,"Ap #586-997 Luctus Rd.",BA,Bahamas,08152,"1 55 514 5962-4672",M,Viuvo
67,601,1,63,02,1,02,"2007-12-15 00:00:00","2007-12-16 00:00:00",LP001,"Chevrolet Corsa",14300,5,"Ambiente Livre","P.O. Box 728, 4847 Erat. Street",Fairmont,PR,89859,9137-0607,8278-8767,Glenna,Wall,"Ap #728-4137 Facilisis Avenue",BA,Salvador,41152,"1 55 856 5489-4394",M,Solteiro
68,201,1,61,01,1,05,"2007-12-16 00:00:00","2007-12-17 00:00:00",LP002,"Hiundai Tucson",85900,8,"Ambiente Livre","P.O. Box 728, 4847 Erat. Street",Fairmont,PR,89859,9137-0607,8278-8767,Breanna,Hyde,"Ap #160-1936 Neque St.",SP,"Ribeirão Preto",21411,"1 55 169 3178-6135",M,Casado
69,101,1,55,02,6,05,"2007-09-16 00:00:00","2007-09-17 00:00:00",LP002,"Toyota Hilux",91000,5,"Red Hat","649-2745 Dictum Rd.",Plantation,RS,25259,5067-0555,3545-1348,Desiree,Landry,"P.O. Box 457, 1977 Lectus Av.",BA,Salvador,32867,"1 55 102 9643-2150",F,Viuvo
70,100,1,57,05,2,02,"2007-08-05 00:00:00","2007-08-07 00:00:00",LP001,"Ford Fiesta",13950,4,Apache,"921-6442 Congue, Street",Biddeford,SP,60349,3160-3207,6540-8921,Dustin,Terry,"Ap #242-818 Sollicitudin Avenue",SC,Florianópolis,16658,"1 55 796 3570-8804",F,Viuvo
71,509,1,51,05,1,03,"2007-10-23 00:00:00","2007-10-25 00:00:00",LP003,"Honda Civic",140000,5,"Ambiente Livre","P.O. Box 728, 4847 Erat. Street",Fairmont,PR,89859,9137-0607,8278-8767,Sydnee,Vincent,"5462 Ac Road",PR,Curitiba,81573,"1 55 547 7624-9315",M,Solteiro
72,509,1,78,04,1,04,"2007-11-01 00:00:00","2007-11-02 00:00:00",LP003,"Honda Civic",140000,5,"Ambiente Livre","P.O. Box 728, 4847 Erat. Street",Fairmont,PR,89859,9137-0607,8278-8767,Yoshi,Gross,"892-3324 Tempor Rd.",RJ,Fiji,75319,"1 55 190 3843-5827",F,Casado
73,804,1,70,05,3,01,"2007-12-23 00:00:00","2007-12-24 00:00:00",LP002,"Jeep Gran Cherokee",80000,1,Pentaho,"199-9453 Et Road",Jeffersonville,BA,28068,9510-8044,9408-7841,Justine,Robbins,"Ap #780-619 Quis, Road",RS,Madagascar,76573,"1 55 195 9850-8806",M,Casado
74,704,1,54,02,5,01,"2007-10-12 00:00:00","2007-10-14 00:00:00",LP003,"Volkswagem Passat",119999,3,OpenOffice.org,"848-3105 Sagittis. Rd.",Lexington,SC,61968,4074-7588,8723-2572,Lee,Harper,"Ap #586-997 Luctus Rd.",BA,Bahamas,08152,"1 55 514 5962-4672",M,Viuvo
75,303,1,63,02,1,04,"2007-10-13 00:00:00","2007-10-15 00:00:00",LP002,"KIA Sportge",83450,5,"Ambiente Livre","P.O. Box 728, 4847 Erat. Street",Fairmont,PR,89859,9137-0607,8278-8767,Glenna,Wall,"Ap #728-4137 Facilisis Avenue",BA,Salvador,41152,"1 55 856 5489-4394",M,Solteiro
76,400,1,61,01,2,03,"2007-10-09 00:00:00","2007-10-14 00:00:00",LP001,"Volkswagem Jetta",56900,7,Apache,"921-6442 Congue, Street",Biddeford,SP,60349,3160-3207,6540-8921,Breanna,Hyde,"Ap #160-1936 Neque St.",SP,"Ribeirão Preto",21411,"1 55 169 3178-6135",M,Casado
77,101,1,72,04,6,02,"2007-12-10 00:00:00","2007-12-11 00:00:00",LP002,"Toyota Hilux",91000,5,"Red Hat","649-2745 Dictum Rd.",Plantation,RS,25259,5067-0555,3545-1348,Blaze,Heath,"295-1356 Suscipit Rd.",GO,Mayotte,57158,"1 55 147 5457-5956",M,Casado
78,303,2,77,04,1,03,"2008-04-01 00:00:00","2010-06-10 00:00:00",LP002,"KIA Sportge",83450,5,"Ambiente Livre","P.O. Box 728, 4847 Erat. Street",Fairmont,PR,89859,9137-0607,8278-8767,Yasir,Dennis,"197-6924 Ipsum. Ave",RJ,Turkmenistan,29244,"1 55 478 1184-0749",F,Solteiro
79,303,2,56,01,1,03,"2011-01-10 00:00:00","2011-02-02 00:00:00",LP002,"KIA Sportge",83450,5,"Ambiente Livre","P.O. Box 728, 4847 Erat. Street",Fairmont,PR,89859,9137-0607,8278-8767,Raven,Emerson,"Ap #783-1492 Enim Av.",SP,"São Paulo",14184,"1 55 203 8561-7210",M,Viuvo
80,403,2,63,02,2,02,"2011-06-03 00:00:00","2011-06-03 00:00:00",LP001,"Volkswagem Gol",14500,7,Apache,"921-6442 Congue, Street",Biddeford,SP,60349,3160-3207,6540-8921,Glenna,Wall,"Ap #728-4137 Facilisis Avenue",BA,Salvador,41152,"1 55 856 5489-4394",M,Solteiro
81,402,3,71,04,1,03,"2011-07-03 00:00:00","2011-07-03 00:00:00",LP003,"Chevrolet Omega",128875,10,"Ambiente Livre","P.O. Box 728, 4847 Erat. Street",Fairmont,PR,89859,9137-0607,8278-8767,Desiree,Mcknight,"895-9966 Lorem Avenue",GO,"Holy See (Vatican City State)",09139,"1 55 189 9407-2048",F,Solteiro
82,302,1,70,05,1,05,"2011-08-05 00:00:00","2011-08-05 00:00:00",LP001,"Fiat Linea",54999,14,"Ambiente Livre","P.O. Box 728, 4847 Erat. Street",Fairmont,PR,89859,9137-0607,8278-8767,Justine,Robbins,"Ap #780-619 Quis, Road",RS,Madagascar,76573,"1 55 195 9850-8806",M,Casado
83,204,1,72,04,2,06,"2011-09-06 00:00:00","2011-09-06 00:00:00",LP001,"Chevrolet Vectra",55800,6,Apache,"921-6442 Congue, Street",Biddeford,SP,60349,3160-3207,6540-8921,Blaze,Heath,"295-1356 Suscipit Rd.",GO,Mayotte,57158,"1 55 147 5457-5956",M,Casado
84,401,2,56,01,6,04,"2011-10-04 00:00:00","2011-10-04 00:00:00",LP002,"Ford Edge",84580,5,"Red Hat","649-2745 Dictum Rd.",Plantation,RS,25259,5067-0555,3545-1348,Raven,Emerson,"Ap #783-1492 Enim Av.",SP,"São Paulo",14184,"1 55 203 8561-7210",M,Viuvo
85,500,6,57,05,3,01,"2011-11-09 00:00:00","2011-11-09 00:00:00",LP001,"Ford Focus",53320,13,Pentaho,"199-9453 Et Road",Jeffersonville,BA,28068,9510-8044,9408-7841,Dustin,Terry,"Ap #242-818 Sollicitudin Avenue",SC,Florianópolis,16658,"1 55 796 3570-8804",F,Viuvo
86,403,1,53,05,2,02,"2011-12-10 00:00:00","2011-12-10 00:00:00",LP001,"Volkswagem Gol",14500,7,Apache,"921-6442 Congue, Street",Biddeford,SP,60349,3160-3207,6540-8921,Inez,Cruz,"P.O. Box 312, 2893 Metus Ave",RS,"Porto Alegre",68814,"1 55 436 2072-7494",M,Casado
87,402,3,53,05,1,02,"2011-02-01 00:00:00","2011-02-01 00:00:00",LP003,"Chevrolet Omega",128875,10,"Ambiente Livre","P.O. Box 728, 4847 Erat. Street",Fairmont,PR,89859,9137-0607,8278-8767,Inez,Cruz,"P.O. Box 312, 2893 Metus Ave",RS,"Porto Alegre",68814,"1 55 436 2072-7494",M,Casado
88,302,4,60,03,1,03,"2011-05-21 00:00:00","2011-05-21 00:00:00",LP001,"Fiat Linea",54999,14,"Ambiente Livre","P.O. Box 728, 4847 Erat. Street",Fairmont,PR,89859,9137-0607,8278-8767,Kiayada,Mccormick,"P.O. Box 255, 6409 Luctus St.",PA,Belem,33529,"1 55 154 7258-5534",M,Solteiro
89,204,1,78,04,2,05,"2011-04-12 00:00:00","2011-04-12 00:00:00",LP001,"Chevrolet Vectra",55800,6,Apache,"921-6442 Congue, Street",Biddeford,SP,60349,3160-3207,6540-8921,Yoshi,Gross,"892-3324 Tempor Rd.",RJ,Fiji,75319,"1 55 190 3843-5827",F,Casado
90,401,1,55,02,6,06,"2011-10-16 00:00:00","2011-10-16 00:00:00",LP002,"Ford Edge",84580,5,"Red Hat","649-2745 Dictum Rd.",Plantation,RS,25259,5067-0555,3545-1348,Desiree,Landry,"P.O. Box 457, 1977 Lectus Av.",BA,Salvador,32867,"1 55 102 9643-2150",F,Viuvo
91,500,1,56,01,3,04,"2011-12-30 00:00:00","2011-12-30 00:00:00",LP001,"Ford Focus",53320,13,Pentaho,"199-9453 Et Road",Jeffersonville,BA,28068,9510-8044,9408-7841,Raven,Emerson,"Ap #783-1492 Enim Av.",SP,"São Paulo",14184,"1 55 203 8561-7210",M,Viuvo
92,403,3,78,04,2,01,"2011-01-12 00:00:00","2011-01-12 00:00:00",LP001,"Volkswagem Gol",14500,7,Apache,"921-6442 Congue, Street",Biddeford,SP,60349,3160-3207,6540-8921,Yoshi,Gross,"892-3324 Tempor Rd.",RJ,Fiji,75319,"1 55 190 3843-5827",F,Casado
93,402,2,70,05,1,02,"2011-03-12 00:00:00","2011-03-12 00:00:00",LP003,"Chevrolet Omega",128875,10,"Ambiente Livre","P.O. Box 728, 4847 Erat. Street",Fairmont,PR,89859,9137-0607,8278-8767,Justine,Robbins,"Ap #780-619 Quis, Road",RS,Madagascar,76573,"1 55 195 9850-8806",M,Casado
94,302,2,72,04,1,02,"2010-02-06 00:00:00","2010-02-06 00:00:00",LP001,"Fiat Linea",54999,14,"Ambiente Livre","P.O. Box 728, 4847 Erat. Street",Fairmont,PR,89859,9137-0607,8278-8767,Blaze,Heath,"295-1356 Suscipit Rd.",GO,Mayotte,57158,"1 55 147 5457-5956",M,Casado
95,204,2,61,01,2,03,"2010-08-06 00:00:00","2010-08-06 00:00:00",LP001,"Chevrolet Vectra",55800,6,Apache,"921-6442 Congue, Street",Biddeford,SP,60349,3160-3207,6540-8921,Breanna,Hyde,"Ap #160-1936 Neque St.",SP,"Ribeirão Preto",21411,"1 55 169 3178-6135",M,Casado
96,401,1,51,05,6,05,"2011-03-12 00:00:00","2011-03-12 00:00:00",LP002,"Ford Edge",84580,5,"Red Hat","649-2745 Dictum Rd.",Plantation,RS,25259,5067-0555,3545-1348,Sydnee,Vincent,"5462 Ac Road",PR,Curitiba,81573,"1 55 547 7624-9315",M,Solteiro
97,500,1,54,02,3,06,"2011-07-12 00:00:00","2011-07-12 00:00:00",LP001,"Ford Focus",53320,13,Pentaho,"199-9453 Et Road",Jeffersonville,BA,28068,9510-8044,9408-7841,Lee,Harper,"Ap #586-997 Luctus Rd.",BA,Bahamas,08152,"1 55 514 5962-4672",M,Viuvo
98,403,2,66,02,2,04,"2008-03-30 00:00:00","2008-03-30 00:00:00",LP001,"Volkswagem Gol",14500,7,Apache,"921-6442 Congue, Street",Biddeford,SP,60349,3160-3207,6540-8921,Warren,Mclaughlin,"870-9660 Lectus Rd.",MA,India,25308,"1 55 397 3186-3390",F,Solteiro
99,402,1,78,04,1,01,"2008-04-23 00:00:00","2008-04-23 00:00:00",LP003,"Chevrolet Omega",128875,10,"Ambiente Livre","P.O. Box 728, 4847 Erat. Street",Fairmont,PR,89859,9137-0607,8278-8767,Yoshi,Gross,"892-3324 Tempor Rd.",RJ,Fiji,75319,"1 55 190 3843-5827",F,Casado
100,302,2,75,04,1,02,"2008-05-12 00:00:00","2008-05-12 00:00:00",LP001,"Fiat Linea",54999,14,"Ambiente Livre","P.O. Box 728, 4847 Erat. Street",Fairmont,PR,89859,9137-0607,8278-8767,Amal,Sanders,"8524 Vivamus St.",RJ,"Bouvet Island",27181,"1 55 148 1852-6648",M,Solteiro
101,204,3,68,05,2,02,"2010-01-12 00:00:00","2010-01-12 00:00:00",LP001,"Chevrolet Vectra",55800,6,Apache,"921-6442 Congue, Street",Biddeford,SP,60349,3160-3207,6540-8921,Nigel,Bates,"9043 Parturient Street",SC,Rwanda,19674,"1 55 522 5578-1028",M,Solteiro
102,401,1,64,01,6,03,"2010-03-18 00:00:00","2010-03-18 00:00:00",LP002,"Ford Edge",84580,5,"Red Hat","649-2745 Dictum Rd.",Plantation,RS,25259,5067-0555,3545-1348,Lani,Huber,"P.O. Box 137, 5886 Id Street",DF,Portugal,28656,"1 55 311 6010-3140",F,Casado
103,500,4,75,04,3,05,"2010-02-14 00:00:00","2010-02-14 00:00:00",LP001,"Ford Focus",53320,13,Pentaho,"199-9453 Et Road",Jeffersonville,BA,28068,9510-8044,9408-7841,Amal,Sanders,"8524 Vivamus St.",RJ,"Bouvet Island",27181,"1 55 148 1852-6648",M,Solteiro
104,403,2,70,05,2,06,"2010-02-02 00:00:00","2010-02-02 00:00:00",LP001,"Volkswagem Gol",14500,7,Apache,"921-6442 Congue, Street",Biddeford,SP,60349,3160-3207,6540-8921,Justine,Robbins,"Ap #780-619 Quis, Road",RS,Madagascar,76573,"1 55 195 9850-8806",M,Casado
105,402,2,56,01,1,04,"2010-01-29 00:00:00","2010-01-29 00:00:00",LP003,"Chevrolet Omega",128875,10,"Ambiente Livre","P.O. Box 728, 4847 Erat. Street",Fairmont,PR,89859,9137-0607,8278-8767,Raven,Emerson,"Ap #783-1492 Enim Av.",SP,"São Paulo",14184,"1 55 203 8561-7210",M,Viuvo
106,302,1,65,01,1,01,"2010-04-01 00:00:00","2010-04-01 00:00:00",LP001,"Fiat Linea",54999,14,"Ambiente Livre","P.O. Box 728, 4847 Erat. Street",Fairmont,PR,89859,9137-0607,8278-8767,Kaye,Rivera,"5537 Sed Ave",SP,"Equatorial Guinea",21077,"1 55 399 9910-3253",M,Viuvo
107,204,1,71,04,2,02,"2010-06-21 00:00:00","2010-06-21 00:00:00",LP001,"Chevrolet Vectra",55800,6,Apache,"921-6442 Congue, Street",Biddeford,SP,60349,3160-3207,6540-8921,Desiree,Mcknight,"895-9966 Lorem Avenue",GO,"Holy See (Vatican City State)",09139,"1 55 189 9407-2048",F,Solteiro
108,401,2,51,05,6,02,"2010-04-16 00:00:00","2010-04-16 00:00:00",LP002,"Ford Edge",84580,5,"Red Hat","649-2745 Dictum Rd.",Plantation,RS,25259,5067-0555,3545-1348,Sydnee,Vincent,"5462 Ac Road",PR,Curitiba,81573,"1 55 547 7624-9315",M,Solteiro
109,500,1,70,05,3,03,"2010-06-28 00:00:00","2010-06-28 00:00:00",LP001,"Ford Focus",53320,13,Pentaho,"199-9453 Et Road",Jeffersonville,BA,28068,9510-8044,9408-7841,Justine,Robbins,"Ap #780-619 Quis, Road",RS,Madagascar,76573,"1 55 195 9850-8806",M,Casado
110,403,2,79,02,2,05,"2010-05-21 00:00:00","2010-05-21 00:00:00",LP001,"Volkswagem Gol",14500,7,Apache,"921-6442 Congue, Street",Biddeford,SP,60349,3160-3207,6540-8921,Lacy,Barron,"7613 Varius St.",AL,Australia,45865,"1 55 965 2494-0777",F,Solteiro
111,402,1,72,04,1,06,"2010-04-20 00:00:00","2010-04-20 00:00:00",LP003,"Chevrolet Omega",128875,10,"Ambiente Livre","P.O. Box 728, 4847 Erat. Street",Fairmont,PR,89859,9137-0607,8278-8767,Blaze,Heath,"295-1356 Suscipit Rd.",GO,Mayotte,57158,"1 55 147 5457-5956",M,Casado
112,302,2,54,02,1,04,"2010-04-05 00:00:00","2010-04-05 00:00:00",LP001,"Fiat Linea",54999,14,"Ambiente Livre","P.O. Box 728, 4847 Erat. Street",Fairmont,PR,89859,9137-0607,8278-8767,Lee,Harper,"Ap #586-997 Luctus Rd.",BA,Bahamas,08152,"1 55 514 5962-4672",M,Viuvo
113,204,1,55,02,2,01,"2010-04-23 00:00:00","2010-04-23 00:00:00",LP001,"Chevrolet Vectra",55800,6,Apache,"921-6442 Congue, Street",Biddeford,SP,60349,3160-3207,6540-8921,Desiree,Landry,"P.O. Box 457, 1977 Lectus Av.",BA,Salvador,32867,"1 55 102 9643-2150",F,Viuvo
114,401,2,53,05,6,02,"2010-08-26 00:00:00","2010-08-26 00:00:00",LP002,"Ford Edge",84580,5,"Red Hat","649-2745 Dictum Rd.",Plantation,RS,25259,5067-0555,3545-1348,Inez,Cruz,"P.O. Box 312, 2893 Metus Ave",RS,"Porto Alegre",68814,"1 55 436 2072-7494",M,Casado
115,500,1,65,01,3,02,"2010-09-13 00:00:00","2010-09-13 00:00:00",LP001,"Ford Focus",53320,13,Pentaho,"199-9453 Et Road",Jeffersonville,BA,28068,9510-8044,9408-7841,Kaye,Rivera,"5537 Sed Ave",SP,"Equatorial Guinea",21077,"1 55 399 9910-3253",M,Viuvo
116,403,2,64,01,2,03,"2010-08-29 00:00:00","2010-08-29 00:00:00",LP001,"Volkswagem Gol",14500,7,Apache,"921-6442 Congue, Street",Biddeford,SP,60349,3160-3207,6540-8921,Lani,Huber,"P.O. Box 137, 5886 Id Street",DF,Portugal,28656,"1 55 311 6010-3140",F,Casado
117,402,1,71,04,1,05,"2010-09-17 00:00:00","2010-09-17 00:00:00",LP003,"Chevrolet Omega",128875,10,"Ambiente Livre","P.O. Box 728, 4847 Erat. Street",Fairmont,PR,89859,9137-0607,8278-8767,Desiree,Mcknight,"895-9966 Lorem Avenue",GO,"Holy See (Vatican City State)",09139,"1 55 189 9407-2048",F,Solteiro
118,302,2,51,05,1,06,"2010-09-19 00:00:00","2010-09-19 00:00:00",LP001,"Fiat Linea",54999,14,"Ambiente Livre","P.O. Box 728, 4847 Erat. Street",Fairmont,PR,89859,9137-0607,8278-8767,Sydnee,Vincent,"5462 Ac Road",PR,Curitiba,81573,"1 55 547 7624-9315",M,Solteiro
119,204,1,60,03,2,04,"2010-07-02 00:00:00","2010-07-02 00:00:00",LP001,"Chevrolet Vectra",55800,6,Apache,"921-6442 Congue, Street",Biddeford,SP,60349,3160-3207,6540-8921,Kiayada,Mccormick,"P.O. Box 255, 6409 Luctus St.",PA,Belem,33529,"1 55 154 7258-5534",M,Solteiro
120,401,2,75,04,6,01,"2010-08-23 00:00:00","2010-08-23 00:00:00",LP002,"Ford Edge",84580,5,"Red Hat","649-2745 Dictum Rd.",Plantation,RS,25259,5067-0555,3545-1348,Amal,Sanders,"8524 Vivamus St.",RJ,"Bouvet Island",27181,"1 55 148 1852-6648",M,Solteiro
121,500,3,65,01,3,02,"2010-11-05 00:00:00","2010-11-05 00:00:00",LP001,"Ford Focus",53320,13,Pentaho,"199-9453 Et Road",Jeffersonville,BA,28068,9510-8044,9408-7841,Kaye,Rivera,"5537 Sed Ave",SP,"Equatorial Guinea",21077,"1 55 399 9910-3253",M,Viuvo
122,403,2,71,04,2,02,"2010-10-31 00:00:00","2010-10-31 00:00:00",LP001,"Volkswagem Gol",14500,7,Apache,"921-6442 Congue, Street",Biddeford,SP,60349,3160-3207,6540-8921,Desiree,Mcknight,"895-9966 Lorem Avenue",GO,"Holy See (Vatican City State)",09139,"1 55 189 9407-2048",F,Solteiro
123,402,1,60,03,1,03,"2010-12-24 00:00:00","2010-12-24 00:00:00",LP003,"Chevrolet Omega",128875,10,"Ambiente Livre","P.O. Box 728, 4847 Erat. Street",Fairmont,PR,89859,9137-0607,8278-8767,Kiayada,Mccormick,"P.O. Box 255, 6409 Luctus St.",PA,Belem,33529,"1 55 154 7258-5534",M,Solteiro
124,302,2,75,04,1,05,"2010-11-06 00:00:00","2010-11-06 00:00:00",LP001,"Fiat Linea",54999,14,"Ambiente Livre","P.O. Box 728, 4847 Erat. Street",Fairmont,PR,89859,9137-0607,8278-8767,Amal,Sanders,"8524 Vivamus St.",RJ,"Bouvet Island",27181,"1 55 148 1852-6648",M,Solteiro
125,201,7,53,05,1,03,"2007-05-12 00:00:00","2007-05-27 00:00:00",LP002,"Hiundai Tucson",85900,8,"Ambiente Livre","P.O. Box 728, 4847 Erat. Street",Fairmont,PR,89859,9137-0607,8278-8767,Inez,Cruz,"P.O. Box 312, 2893 Metus Ave",RS,"Porto Alegre",68814,"1 55 436 2072-7494",M,Casado
125,204,4,53,05,2,03,"2007-05-12 00:00:00","2007-05-27 00:00:00",LP001,"Chevrolet Vectra",55800,6,Apache,"921-6442 Congue, Street",Biddeford,SP,60349,3160-3207,6540-8921,Inez,Cruz,"P.O. Box 312, 2893 Metus Ave",RS,"Porto Alegre",68814,"1 55 436 2072-7494",M,Casado
125,302,2,53,05,1,03,"2007-05-12 00:00:00","2007-05-27 00:00:00",LP001,"Fiat Linea",54999,14,"Ambiente Livre","P.O. Box 728, 4847 Erat. Street",Fairmont,PR,89859,9137-0607,8278-8767,Inez,Cruz,"P.O. Box 312, 2893 Metus Ave",RS,"Porto Alegre",68814,"1 55 436 2072-7494",M,Casado
125,400,4,53,05,2,03,"2007-05-12 00:00:00","2007-05-27 00:00:00",LP001,"Volkswagem Jetta",56900,7,Apache,"921-6442 Congue, Street",Biddeford,SP,60349,3160-3207,6540-8921,Inez,Cruz,"P.O. Box 312, 2893 Metus Ave",RS,"Porto Alegre",68814,"1 55 436 2072-7494",M,Casado
125,509,7,53,05,1,03,"2007-05-12 00:00:00","2007-05-27 00:00:00",LP003,"Honda Civic",140000,5,"Ambiente Livre","P.O. Box 728, 4847 Erat. Street",Fairmont,PR,89859,9137-0607,8278-8767,Inez,Cruz,"P.O. Box 312, 2893 Metus Ave",RS,"Porto Alegre",68814,"1 55 436 2072-7494",M,Casado
140,204,3,66,02,2,06,"2010-10-25 00:00:00","2010-10-25 00:00:00",LP001,"Chevrolet Vectra",55800,6,Apache,"921-6442 Congue, Street",Biddeford,SP,60349,3160-3207,6540-8921,Warren,Mclaughlin,"870-9660 Lectus Rd.",MA,India,25308,"1 55 397 3186-3390",F,Solteiro
140,301,1,66,02,4,06,"2010-10-25 00:00:00","2010-10-25 00:00:00",LP003,"Citroen C5",190000,10,Google,"535-5041 Lectus Road",Hartland,ES,75284,9680-6151,7806-5380,Warren,Mclaughlin,"870-9660 Lectus Rd.",MA,India,25308,"1 55 397 3186-3390",F,Solteiro
140,302,2,66,02,1,06,"2010-10-25 00:00:00","2010-10-25 00:00:00",LP001,"Fiat Linea",54999,14,"Ambiente Livre","P.O. Box 728, 4847 Erat. Street",Fairmont,PR,89859,9137-0607,8278-8767,Warren,Mclaughlin,"870-9660 Lectus Rd.",MA,India,25308,"1 55 397 3186-3390",F,Solteiro
140,509,3,66,02,1,06,"2010-10-25 00:00:00","2010-10-25 00:00:00",LP003,"Honda Civic",140000,5,"Ambiente Livre","P.O. Box 728, 4847 Erat. Street",Fairmont,PR,89859,9137-0607,8278-8767,Warren,Mclaughlin,"870-9660 Lectus Rd.",MA,India,25308,"1 55 397 3186-3390",F,Solteiro
141,401,3,68,05,6,04,"2010-04-07 00:00:00","2010-04-07 00:00:00",LP002,"Ford Edge",84580,5,"Red Hat","649-2745 Dictum Rd.",Plantation,RS,25259,5067-0555,3545-1348,Nigel,Bates,"9043 Parturient Street",SC,Rwanda,19674,"1 55 522 5578-1028",M,Solteiro
142,500,2,64,01,3,01,"2010-06-18 00:00:00","2010-06-18 00:00:00",LP001,"Ford Focus",53320,13,Pentaho,"199-9453 Et Road",Jeffersonville,BA,28068,9510-8044,9408-7841,Lani,Huber,"P.O. Box 137, 5886 Id Street",DF,Portugal,28656,"1 55 311 6010-3140",F,Casado
143,403,1,57,05,2,02,"2010-05-20 00:00:00","2010-05-20 00:00:00",LP001,"Volkswagem Gol",14500,7,Apache,"921-6442 Congue, Street",Biddeford,SP,60349,3160-3207,6540-8921,Dustin,Terry,"Ap #242-818 Sollicitudin Avenue",SC,Florianópolis,16658,"1 55 796 3570-8804",F,Viuvo
144,402,2,79,02,1,02,"2010-01-03 00:00:00","2010-01-03 00:00:00",LP003,"Chevrolet Omega",128875,10,"Ambiente Livre","P.O. Box 728, 4847 Erat. Street",Fairmont,PR,89859,9137-0607,8278-8767,Lacy,Barron,"7613 Varius St.",AL,Australia,45865,"1 55 965 2494-0777",F,Solteiro
145,302,29,54,02,1,03,"2010-01-10 00:00:00","2010-01-10 00:00:00",LP001,"Fiat Linea",54999,14,"Ambiente Livre","P.O. Box 728, 4847 Erat. Street",Fairmont,PR,89859,9137-0607,8278-8767,Lee,Harper,"Ap #586-997 Luctus Rd.",BA,Bahamas,08152,"1 55 514 5962-4672",M,Viuvo
146,204,3,63,02,2,05,"2010-02-15 00:00:00","2010-02-15 00:00:00",LP001,"Chevrolet Vectra",55800,6,Apache,"921-6442 Congue, Street",Biddeford,SP,60349,3160-3207,6540-8921,Glenna,Wall,"Ap #728-4137 Facilisis Avenue",BA,Salvador,41152,"1 55 856 5489-4394",M,Solteiro
146,401,3,63,02,6,05,"2010-02-15 00:00:00","2010-02-15 00:00:00",LP002,"Ford Edge",84580,5,"Red Hat","649-2745 Dictum Rd.",Plantation,RS,25259,5067-0555,3545-1348,Glenna,Wall,"Ap #728-4137 Facilisis Avenue",BA,Salvador,41152,"1 55 856 5489-4394",M,Solteiro
146,402,2,63,02,1,05,"2010-02-15 00:00:00","2010-02-15 00:00:00",LP003,"Chevrolet Omega",128875,10,"Ambiente Livre","P.O. Box 728, 4847 Erat. Street",Fairmont,PR,89859,9137-0607,8278-8767,Glenna,Wall,"Ap #728-4137 Facilisis Avenue",BA,Salvador,41152,"1 55 856 5489-4394",M,Solteiro
146,403,2,63,02,2,05,"2010-02-15 00:00:00","2010-02-15 00:00:00",LP001,"Volkswagem Gol",14500,7,Apache,"921-6442 Congue, Street",Biddeford,SP,60349,3160-3207,6540-8921,Glenna,Wall,"Ap #728-4137 Facilisis Avenue",BA,Salvador,41152,"1 55 856 5489-4394",M,Solteiro
146,500,2,63,02,3,05,"2010-02-15 00:00:00","2010-02-15 00:00:00",LP001,"Ford Focus",53320,13,Pentaho,"199-9453 Et Road",Jeffersonville,BA,28068,9510-8044,9408-7841,Glenna,Wall,"Ap #728-4137 Facilisis Avenue",BA,Salvador,41152,"1 55 856 5489-4394",M,Solteiro
147,401,2,55,02,6,06,"2010-02-16 00:00:00","2010-02-16 00:00:00",LP002,"Ford Edge",84580,5,"Red Hat","649-2745 Dictum Rd.",Plantation,RS,25259,5067-0555,3545-1348,Desiree,Landry,"P.O. Box 457, 1977 Lectus Av.",BA,Salvador,32867,"1 55 102 9643-2150",F,Viuvo
148,500,1,61,01,3,04,"2010-01-19 00:00:00","2010-01-19 00:00:00",LP001,"Ford Focus",53320,13,Pentaho,"199-9453 Et Road",Jeffersonville,BA,28068,9510-8044,9408-7841,Breanna,Hyde,"Ap #160-1936 Neque St.",SP,"Ribeirão Preto",21411,"1 55 169 3178-6135",M,Casado
149,403,1,66,02,2,01,"2010-09-26 00:00:00","2010-09-26 00:00:00",LP001,"Volkswagem Gol",14500,7,Apache,"921-6442 Congue, Street",Biddeford,SP,60349,3160-3207,6540-8921,Warren,Mclaughlin,"870-9660 Lectus Rd.",MA,India,25308,"1 55 397 3186-3390",F,Solteiro
150,402,3,78,04,1,02,"2010-09-28 00:00:00","2010-09-28 00:00:00",LP003,"Chevrolet Omega",128875,10,"Ambiente Livre","P.O. Box 728, 4847 Erat. Street",Fairmont,PR,89859,9137-0607,8278-8767,Yoshi,Gross,"892-3324 Tempor Rd.",RJ,Fiji,75319,"1 55 190 3843-5827",F,Casado
151,302,3,56,01,1,02,"2010-07-21 00:00:00","2010-07-21 00:00:00",LP001,"Fiat Linea",54999,14,"Ambiente Livre","P.O. Box 728, 4847 Erat. Street",Fairmont,PR,89859,9137-0607,8278-8767,Raven,Emerson,"Ap #783-1492 Enim Av.",SP,"São Paulo",14184,"1 55 203 8561-7210",M,Viuvo
152,204,2,79,02,2,03,"2010-08-14 00:00:00","2010-08-14 00:00:00",LP001,"Chevrolet Vectra",55800,6,Apache,"921-6442 Congue, Street",Biddeford,SP,60349,3160-3207,6540-8921,Lacy,Barron,"7613 Varius St.",AL,Australia,45865,"1 55 965 2494-0777",F,Solteiro
153,401,1,63,02,6,05,"2010-08-17 00:00:00","2010-08-17 00:00:00",LP002,"Ford Edge",84580,5,"Red Hat","649-2745 Dictum Rd.",Plantation,RS,25259,5067-0555,3545-1348,Glenna,Wall,"Ap #728-4137 Facilisis Avenue",BA,Salvador,41152,"1 55 856 5489-4394",M,Solteiro
154,500,2,55,02,3,06,"2010-07-29 00:00:00","2010-07-29 00:00:00",LP001,"Ford Focus",53320,13,Pentaho,"199-9453 Et Road",Jeffersonville,BA,28068,9510-8044,9408-7841,Desiree,Landry,"P.O. Box 457, 1977 Lectus Av.",BA,Salvador,32867,"1 55 102 9643-2150",F,Viuvo
155,403,3,57,05,2,04,"2010-09-03 00:00:00","2010-09-03 00:00:00",LP001,"Volkswagem Gol",14500,7,Apache,"921-6442 Congue, Street",Biddeford,SP,60349,3160-3207,6540-8921,Dustin,Terry,"Ap #242-818 Sollicitudin Avenue",SC,Florianópolis,16658,"1 55 796 3570-8804",F,Viuvo
156,402,2,51,05,1,01,"2010-12-27 00:00:00","2010-12-27 00:00:00",LP003,"Chevrolet Omega",128875,10,"Ambiente Livre","P.O. Box 728, 4847 Erat. Street",Fairmont,PR,89859,9137-0607,8278-8767,Sydnee,Vincent,"5462 Ac Road",PR,Curitiba,81573,"1 55 547 7624-9315",M,Solteiro
157,302,1,78,04,1,02,"2010-11-06 00:00:00","2010-11-06 00:00:00",LP001,"Fiat Linea",54999,14,"Ambiente Livre","P.O. Box 728, 4847 Erat. Street",Fairmont,PR,89859,9137-0607,8278-8767,Yoshi,Gross,"892-3324 Tempor Rd.",RJ,Fiji,75319,"1 55 190 3843-5827",F,Casado
158,204,2,70,05,2,02,"2010-12-12 00:00:00","2010-12-12 00:00:00",LP001,"Chevrolet Vectra",55800,6,Apache,"921-6442 Congue, Street",Biddeford,SP,60349,3160-3207,6540-8921,Justine,Robbins,"Ap #780-619 Quis, Road",RS,Madagascar,76573,"1 55 195 9850-8806",M,Casado
159,401,2,72,04,6,03,"2010-12-13 00:00:00","2010-12-13 00:00:00",LP002,"Ford Edge",84580,5,"Red Hat","649-2745 Dictum Rd.",Plantation,RS,25259,5067-0555,3545-1348,Blaze,Heath,"295-1356 Suscipit Rd.",GO,Mayotte,57158,"1 55 147 5457-5956",M,Casado
160,500,3,54,02,3,05,"2010-11-14 00:00:00","2010-11-14 00:00:00",LP001,"Ford Focus",53320,13,Pentaho,"199-9453 Et Road",Jeffersonville,BA,28068,9510-8044,9408-7841,Lee,Harper,"Ap #586-997 Luctus Rd.",BA,Bahamas,08152,"1 55 514 5962-4672",M,Viuvo
161,403,4,63,02,2,06,"2010-12-15 00:00:00","2010-12-15 00:00:00",LP001,"Volkswagem Gol",14500,7,Apache,"921-6442 Congue, Street",Biddeford,SP,60349,3160-3207,6540-8921,Glenna,Wall,"Ap #728-4137 Facilisis Avenue",BA,Salvador,41152,"1 55 856 5489-4394",M,Solteiro
162,402,2,61,01,1,04,"2010-12-16 00:00:00","2010-12-16 00:00:00",LP003,"Chevrolet Omega",128875,10,"Ambiente Livre","P.O. Box 728, 4847 Erat. Street",Fairmont,PR,89859,9137-0607,8278-8767,Breanna,Hyde,"Ap #160-1936 Neque St.",SP,"Ribeirão Preto",21411,"1 55 169 3178-6135",M,Casado
163,302,2,55,02,1,01,"2010-09-16 00:00:00","2010-09-16 00:00:00",LP001,"Fiat Linea",54999,14,"Ambiente Livre","P.O. Box 728, 4847 Erat. Street",Fairmont,PR,89859,9137-0607,8278-8767,Desiree,Landry,"P.O. Box 457, 1977 Lectus Av.",BA,Salvador,32867,"1 55 102 9643-2150",F,Viuvo
164,204,1,57,05,2,02,"2010-08-05 00:00:00","2010-08-05 00:00:00",LP001,"Chevrolet Vectra",55800,6,Apache,"921-6442 Congue, Street",Biddeford,SP,60349,3160-3207,6540-8921,Dustin,Terry,"Ap #242-818 Sollicitudin Avenue",SC,Florianópolis,16658,"1 55 796 3570-8804",F,Viuvo
165,401,4,51,05,6,02,"2010-10-23 00:00:00","2010-10-23 00:00:00",LP002,"Ford Edge",84580,5,"Red Hat","649-2745 Dictum Rd.",Plantation,RS,25259,5067-0555,3545-1348,Sydnee,Vincent,"5462 Ac Road",PR,Curitiba,81573,"1 55 547 7624-9315",M,Solteiro
166,500,2,78,04,3,03,"2010-11-01 00:00:00","2010-11-01 00:00:00",LP001,"Ford Focus",53320,13,Pentaho,"199-9453 Et Road",Jeffersonville,BA,28068,9510-8044,9408-7841,Yoshi,Gross,"892-3324 Tempor Rd.",RJ,Fiji,75319,"1 55 190 3843-5827",F,Casado
167,102,3,70,05,3,05,"2010-12-23 00:00:00","2010-12-23 00:00:00",LP003,"Hyundai Azera",118895,5,Pentaho,"199-9453 Et Road",Jeffersonville,BA,28068,9510-8044,9408-7841,Justine,Robbins,"Ap #780-619 Quis, Road",RS,Madagascar,76573,"1 55 195 9850-8806",M,Casado
168,201,5,54,02,1,06,"2010-10-12 00:00:00","2010-10-12 00:00:00",LP002,"Hiundai Tucson",85900,8,"Ambiente Livre","P.O. Box 728, 4847 Erat. Street",Fairmont,PR,89859,9137-0607,8278-8767,Lee,Harper,"Ap #586-997 Luctus Rd.",BA,Bahamas,08152,"1 55 514 5962-4672",M,Viuvo
169,202,2,63,02,6,04,"2010-10-13 00:00:00","2010-10-13 00:00:00",LP003,"Toyota Corolla",156990,9,"Red Hat","649-2745 Dictum Rd.",Plantation,RS,25259,5067-0555,3545-1348,Glenna,Wall,"Ap #728-4137 Facilisis Avenue",BA,Salvador,41152,"1 55 856 5489-4394",M,Solteiro
170,204,1,61,01,2,01,"2010-10-09 00:00:00","2010-10-09 00:00:00",LP001,"Chevrolet Vectra",55800,6,Apache,"921-6442 Congue, Street",Biddeford,SP,60349,3160-3207,6540-8921,Breanna,Hyde,"Ap #160-1936 Neque St.",SP,"Ribeirão Preto",21411,"1 55 169 3178-6135",M,Casado
171,301,4,72,04,4,02,"2010-12-10 00:00:00","2010-12-10 00:00:00",LP003,"Citroen C5",190000,10,Google,"535-5041 Lectus Road",Hartland,ES,75284,9680-6151,7806-5380,Blaze,Heath,"295-1356 Suscipit Rd.",GO,Mayotte,57158,"1 55 147 5457-5956",M,Casado
172,302,1,77,04,1,02,"2008-04-01 00:00:00","2008-04-01 00:00:00",LP001,"Fiat Linea",54999,14,"Ambiente Livre","P.O. Box 728, 4847 Erat. Street",Fairmont,PR,89859,9137-0607,8278-8767,Yasir,Dennis,"197-6924 Ipsum. Ave",RJ,Turkmenistan,29244,"1 55 478 1184-0749",F,Solteiro
173,303,2,56,01,1,03,"2011-01-10 00:00:00","2011-01-10 00:00:00",LP002,"KIA Sportge",83450,5,"Ambiente Livre","P.O. Box 728, 4847 Erat. Street",Fairmont,PR,89859,9137-0607,8278-8767,Raven,Emerson,"Ap #783-1492 Enim Av.",SP,"São Paulo",14184,"1 55 203 8561-7210",M,Viuvo
174,304,1,53,05,3,05,"2010-05-12 00:00:00","2010-05-12 00:00:00",LP001,"Fiat Palio",14900,5,Pentaho,"199-9453 Et Road",Jeffersonville,BA,28068,9510-8044,9408-7841,Inez,Cruz,"P.O. Box 312, 2893 Metus Ave",RS,"Porto Alegre",68814,"1 55 436 2072-7494",M,Casado
175,400,2,64,01,2,06,"2010-12-30 00:00:00","2010-12-30 00:00:00",LP001,"Volkswagem Jetta",56900,7,Apache,"921-6442 Congue, Street",Biddeford,SP,60349,3160-3207,6540-8921,Lani,Huber,"P.O. Box 137, 5886 Id Street",DF,Portugal,28656,"1 55 311 6010-3140",F,Casado
176,401,3,55,02,6,04,"2010-10-16 00:00:00","2010-10-16 00:00:00",LP002,"Ford Edge",84580,5,"Red Hat","649-2745 Dictum Rd.",Plantation,RS,25259,5067-0555,3545-1348,Desiree,Landry,"P.O. Box 457, 1977 Lectus Av.",BA,Salvador,32867,"1 55 102 9643-2150",F,Viuvo
177,402,2,65,01,1,01,"2008-01-10 00:00:00","2008-01-10 00:00:00",LP003,"Chevrolet Omega",128875,10,"Ambiente Livre","P.O. Box 728, 4847 Erat. Street",Fairmont,PR,89859,9137-0607,8278-8767,Kaye,Rivera,"5537 Sed Ave",SP,"Equatorial Guinea",21077,"1 55 399 9910-3253",M,Viuvo
178,302,1,56,01,1,02,"2008-06-04 00:00:00","2008-06-04 00:00:00",LP001,"Fiat Linea",54999,14,"Ambiente Livre","P.O. Box 728, 4847 Erat. Street",Fairmont,PR,89859,9137-0607,8278-8767,Raven,Emerson,"Ap #783-1492 Enim Av.",SP,"São Paulo",14184,"1 55 203 8561-7210",M,Viuvo
179,204,2,63,02,2,02,"2008-01-03 00:00:00","2008-01-03 00:00:00",LP001,"Chevrolet Vectra",55800,6,Apache,"921-6442 Congue, Street",Biddeford,SP,60349,3160-3207,6540-8921,Glenna,Wall,"Ap #728-4137 Facilisis Avenue",BA,Salvador,41152,"1 55 856 5489-4394",M,Solteiro
180,401,5,57,05,6,03,"2008-01-09 00:00:00","2008-01-09 00:00:00",LP002,"Ford Edge",84580,5,"Red Hat","649-2745 Dictum Rd.",Plantation,RS,25259,5067-0555,3545-1348,Dustin,Terry,"Ap #242-818 Sollicitudin Avenue",SC,Florianópolis,16658,"1 55 796 3570-8804",F,Viuvo
181,500,2,71,04,3,05,"2011-02-03 00:00:00","2011-02-03 00:00:00",LP001,"Ford Focus",53320,13,Pentaho,"199-9453 Et Road",Jeffersonville,BA,28068,9510-8044,9408-7841,Desiree,Mcknight,"895-9966 Lorem Avenue",GO,"Holy See (Vatican City State)",09139,"1 55 189 9407-2048",F,Solteiro
182,403,1,53,05,2,06,"2010-11-10 00:00:00","2010-11-10 00:00:00",LP001,"Volkswagem Gol",14500,7,Apache,"921-6442 Congue, Street",Biddeford,SP,60349,3160-3207,6540-8921,Inez,Cruz,"P.O. Box 312, 2893 Metus Ave",RS,"Porto Alegre",68814,"1 55 436 2072-7494",M,Casado
183,402,1,70,05,1,04,"2008-02-05 00:00:00","2008-02-05 00:00:00",LP003,"Chevrolet Omega",128875,10,"Ambiente Livre","P.O. Box 728, 4847 Erat. Street",Fairmont,PR,89859,9137-0607,8278-8767,Justine,Robbins,"Ap #780-619 Quis, Road",RS,Madagascar,76573,"1 55 195 9850-8806",M,Casado
184,302,1,53,05,1,01,"2010-12-30 00:00:00","2010-12-30 00:00:00",LP001,"Fiat Linea",54999,14,"Ambiente Livre","P.O. Box 728, 4847 Erat. Street",Fairmont,PR,89859,9137-0607,8278-8767,Inez,Cruz,"P.O. Box 312, 2893 Metus Ave",RS,"Porto Alegre",68814,"1 55 436 2072-7494",M,Casado
185,204,1,72,04,2,02,"2010-02-06 00:00:00","2010-02-06 00:00:00",LP001,"Chevrolet Vectra",55800,6,Apache,"921-6442 Congue, Street",Biddeford,SP,60349,3160-3207,6540-8921,Blaze,Heath,"295-1356 Suscipit Rd.",GO,Mayotte,57158,"1 55 147 5457-5956",M,Casado
186,401,1,60,03,6,02,"2008-03-21 00:00:00","2008-03-21 00:00:00",LP002,"Ford Edge",84580,5,"Red Hat","649-2745 Dictum Rd.",Plantation,RS,25259,5067-0555,3545-1348,Kiayada,Mccormick,"P.O. Box 255, 6409 Luctus St.",PA,Belem,33529,"1 55 154 7258-5534",M,Solteiro
187,500,1,61,01,3,03,"2010-06-06 00:00:00","2010-06-06 00:00:00",LP001,"Ford Focus",53320,13,Pentaho,"199-9453 Et Road",Jeffersonville,BA,28068,9510-8044,9408-7841,Breanna,Hyde,"Ap #160-1936 Neque St.",SP,"Ribeirão Preto",21411,"1 55 169 3178-6135",M,Casado
188,403,1,68,05,2,05,"2010-07-12 00:00:00","2010-07-12 00:00:00",LP001,"Volkswagem Gol",14500,7,Apache,"921-6442 Congue, Street",Biddeford,SP,60349,3160-3207,6540-8921,Nigel,Bates,"9043 Parturient Street",SC,Rwanda,19674,"1 55 522 5578-1028",M,Solteiro
189,402,2,51,05,1,06,"2010-03-12 00:00:00","2010-03-12 00:00:00",LP003,"Chevrolet Omega",128875,10,"Ambiente Livre","P.O. Box 728, 4847 Erat. Street",Fairmont,PR,89859,9137-0607,8278-8767,Sydnee,Vincent,"5462 Ac Road",PR,Curitiba,81573,"1 55 547 7624-9315",M,Solteiro
190,302,1,68,05,1,04,"2010-10-16 00:00:00","2010-10-16 00:00:00",LP001,"Fiat Linea",54999,14,"Ambiente Livre","P.O. Box 728, 4847 Erat. Street",Fairmont,PR,89859,9137-0607,8278-8767,Nigel,Bates,"9043 Parturient Street",SC,Rwanda,19674,"1 55 522 5578-1028",M,Solteiro
191,204,1,54,02,2,01,"2010-09-12 00:00:00","2010-09-12 00:00:00",LP001,"Chevrolet Vectra",55800,6,Apache,"921-6442 Congue, Street",Biddeford,SP,60349,3160-3207,6540-8921,Lee,Harper,"Ap #586-997 Luctus Rd.",BA,Bahamas,08152,"1 55 514 5962-4672",M,Viuvo
192,401,2,66,02,6,02,"2010-04-30 00:00:00","2010-04-30 00:00:00",LP002,"Ford Edge",84580,5,"Red Hat","649-2745 Dictum Rd.",Plantation,RS,25259,5067-0555,3545-1348,Warren,Mclaughlin,"870-9660 Lectus Rd.",MA,India,25308,"1 55 397 3186-3390",F,Solteiro
193,500,1,78,04,3,02,"2008-01-23 00:00:00","2008-01-23 00:00:00",LP001,"Ford Focus",53320,13,Pentaho,"199-9453 Et Road",Jeffersonville,BA,28068,9510-8044,9408-7841,Yoshi,Gross,"892-3324 Tempor Rd.",RJ,Fiji,75319,"1 55 190 3843-5827",F,Casado
194,500,2,75,04,3,03,"2010-08-12 00:00:00","2010-08-12 00:00:00",LP001,"Ford Focus",53320,13,Pentaho,"199-9453 Et Road",Jeffersonville,BA,28068,9510-8044,9408-7841,Amal,Sanders,"8524 Vivamus St.",RJ,"Bouvet Island",27181,"1 55 148 1852-6648",M,Solteiro
195,403,1,79,02,2,05,"2010-10-12 00:00:00","2010-10-12 00:00:00",LP001,"Volkswagem Gol",14500,7,Apache,"921-6442 Congue, Street",Biddeford,SP,60349,3160-3207,6540-8921,Lacy,Barron,"7613 Varius St.",AL,Australia,45865,"1 55 965 2494-0777",F,Solteiro
196,402,2,78,04,1,06,"2010-09-28 00:00:00","2010-09-28 00:00:00",LP003,"Chevrolet Omega",128875,10,"Ambiente Livre","P.O. Box 728, 4847 Erat. Street",Fairmont,PR,89859,9137-0607,8278-8767,Yoshi,Gross,"892-3324 Tempor Rd.",RJ,Fiji,75319,"1 55 190 3843-5827",F,Casado
197,302,1,66,02,1,04,"2010-09-26 00:00:00","2010-09-26 00:00:00",LP001,"Fiat Linea",54999,14,"Ambiente Livre","P.O. Box 728, 4847 Erat. Street",Fairmont,PR,89859,9137-0607,8278-8767,Warren,Mclaughlin,"870-9660 Lectus Rd.",MA,India,25308,"1 55 397 3186-3390",F,Solteiro
198,204,2,56,01,2,01,"2010-07-21 00:00:00","2010-07-21 00:00:00",LP001,"Chevrolet Vectra",55800,6,Apache,"921-6442 Congue, Street",Biddeford,SP,60349,3160-3207,6540-8921,Raven,Emerson,"Ap #783-1492 Enim Av.",SP,"São Paulo",14184,"1 55 203 8561-7210",M,Viuvo
199,401,1,79,02,6,02,"2010-08-14 00:00:00","2010-08-14 00:00:00",LP002,"Ford Edge",84580,5,"Red Hat","649-2745 Dictum Rd.",Plantation,RS,25259,5067-0555,3545-1348,Lacy,Barron,"7613 Varius St.",AL,Australia,45865,"1 55 965 2494-0777",F,Solteiro
200,500,2,63,02,3,02,"2010-08-17 00:00:00","2010-08-17 00:00:00",LP001,"Ford Focus",53320,13,Pentaho,"199-9453 Et Road",Jeffersonville,BA,28068,9510-8044,9408-7841,Glenna,Wall,"Ap #728-4137 Facilisis Avenue",BA,Salvador,41152,"1 55 856 5489-4394",M,Solteiro
201,403,1,55,02,2,03,"2010-07-29 00:00:00","2010-07-29 00:00:00",LP001,"Volkswagem Gol",14500,7,Apache,"921-6442 Congue, Street",Biddeford,SP,60349,3160-3207,6540-8921,Desiree,Landry,"P.O. Box 457, 1977 Lectus Av.",BA,Salvador,32867,"1 55 102 9643-2150",F,Viuvo
202,402,2,57,05,1,05,"2010-09-03 00:00:00","2010-09-03 00:00:00",LP003,"Chevrolet Omega",128875,10,"Ambiente Livre","P.O. Box 728, 4847 Erat. Street",Fairmont,PR,89859,9137-0607,8278-8767,Dustin,Terry,"Ap #242-818 Sollicitudin Avenue",SC,Florianópolis,16658,"1 55 796 3570-8804",F,Viuvo
203,302,1,51,05,1,06,"2010-12-27 00:00:00","2010-12-27 00:00:00",LP001,"Fiat Linea",54999,14,"Ambiente Livre","P.O. Box 728, 4847 Erat. Street",Fairmont,PR,89859,9137-0607,8278-8767,Sydnee,Vincent,"5462 Ac Road",PR,Curitiba,81573,"1 55 547 7624-9315",M,Solteiro
204,204,2,78,04,2,04,"2010-11-06 00:00:00","2010-11-06 00:00:00",LP001,"Chevrolet Vectra",55800,6,Apache,"921-6442 Congue, Street",Biddeford,SP,60349,3160-3207,6540-8921,Yoshi,Gross,"892-3324 Tempor Rd.",RJ,Fiji,75319,"1 55 190 3843-5827",F,Casado
205,401,1,70,05,6,01,"2010-12-12 00:00:00","2010-12-12 00:00:00",LP002,"Ford Edge",84580,5,"Red Hat","649-2745 Dictum Rd.",Plantation,RS,25259,5067-0555,3545-1348,Justine,Robbins,"Ap #780-619 Quis, Road",RS,Madagascar,76573,"1 55 195 9850-8806",M,Casado
206,500,2,72,04,3,02,"2011-02-13 00:00:00","2011-02-13 00:00:00",LP001,"Ford Focus",53320,13,Pentaho,"199-9453 Et Road",Jeffersonville,BA,28068,9510-8044,9408-7841,Blaze,Heath,"295-1356 Suscipit Rd.",GO,Mayotte,57158,"1 55 147 5457-5956",M,Casado
207,403,1,54,02,2,01,"2011-01-14 00:00:00","2011-01-14 00:00:00",LP001,"Volkswagem Gol",14500,7,Apache,"921-6442 Congue, Street",Biddeford,SP,60349,3160-3207,6540-8921,Lee,Harper,"Ap #586-997 Luctus Rd.",BA,Bahamas,08152,"1 55 514 5962-4672",M,Viuvo
208,402,2,63,02,1,01,"2011-01-15 00:00:00","2011-01-15 00:00:00",LP003,"Chevrolet Omega",128875,10,"Ambiente Livre","P.O. Box 728, 4847 Erat. Street",Fairmont,PR,89859,9137-0607,8278-8767,Glenna,Wall,"Ap #728-4137 Facilisis Avenue",BA,Salvador,41152,"1 55 856 5489-4394",M,Solteiro
209,302,1,61,01,1,01,"2011-02-16 00:00:00","2011-02-16 00:00:00",LP001,"Fiat Linea",54999,14,"Ambiente Livre","P.O. Box 728, 4847 Erat. Street",Fairmont,PR,89859,9137-0607,8278-8767,Breanna,Hyde,"Ap #160-1936 Neque St.",SP,"Ribeirão Preto",21411,"1 55 169 3178-6135",M,Casado
210,204,2,55,02,2,02,"2011-01-16 00:00:00","2011-01-16 00:00:00",LP001,"Chevrolet Vectra",55800,6,Apache,"921-6442 Congue, Street",Biddeford,SP,60349,3160-3207,6540-8921,Desiree,Landry,"P.O. Box 457, 1977 Lectus Av.",BA,Salvador,32867,"1 55 102 9643-2150",F,Viuvo
211,401,1,57,05,6,02,"2011-02-05 00:00:00","2011-02-05 00:00:00",LP002,"Ford Edge",84580,5,"Red Hat","649-2745 Dictum Rd.",Plantation,RS,25259,5067-0555,3545-1348,Dustin,Terry,"Ap #242-818 Sollicitudin Avenue",SC,Florianópolis,16658,"1 55 796 3570-8804",F,Viuvo
212,500,2,51,05,3,02,"2011-01-23 00:00:00","2011-01-23 00:00:00",LP001,"Ford Focus",53320,13,Pentaho,"199-9453 Et Road",Jeffersonville,BA,28068,9510-8044,9408-7841,Sydnee,Vincent,"5462 Ac Road",PR,Curitiba,81573,"1 55 547 7624-9315",M,Solteiro
213,403,1,78,04,2,02,"2011-01-01 00:00:00","2011-01-01 00:00:00",LP001,"Volkswagem Gol",14500,7,Apache,"921-6442 Congue, Street",Biddeford,SP,60349,3160-3207,6540-8921,Yoshi,Gross,"892-3324 Tempor Rd.",RJ,Fiji,75319,"1 55 190 3843-5827",F,Casado
214,402,2,70,05,1,02,"2011-02-23 00:00:00","2011-02-23 00:00:00",LP003,"Chevrolet Omega",128875,10,"Ambiente Livre","P.O. Box 728, 4847 Erat. Street",Fairmont,PR,89859,9137-0607,8278-8767,Justine,Robbins,"Ap #780-619 Quis, Road",RS,Madagascar,76573,"1 55 195 9850-8806",M,Casado
215,302,1,54,02,1,02,"2011-01-12 00:00:00","2011-01-12 00:00:00",LP001,"Fiat Linea",54999,14,"Ambiente Livre","P.O. Box 728, 4847 Erat. Street",Fairmont,PR,89859,9137-0607,8278-8767,Lee,Harper,"Ap #586-997 Luctus Rd.",BA,Bahamas,08152,"1 55 514 5962-4672",M,Viuvo
216,204,2,63,02,2,02,"2011-01-13 00:00:00","2011-01-13 00:00:00",LP001,"Chevrolet Vectra",55800,6,Apache,"921-6442 Congue, Street",Biddeford,SP,60349,3160-3207,6540-8921,Glenna,Wall,"Ap #728-4137 Facilisis Avenue",BA,Salvador,41152,"1 55 856 5489-4394",M,Solteiro
217,401,1,61,01,6,02,"2011-01-09 00:00:00","2011-01-09 00:00:00",LP002,"Ford Edge",84580,5,"Red Hat","649-2745 Dictum Rd.",Plantation,RS,25259,5067-0555,3545-1348,Breanna,Hyde,"Ap #160-1936 Neque St.",SP,"Ribeirão Preto",21411,"1 55 169 3178-6135",M,Casado
218,500,2,72,04,3,02,"2010-12-10 00:00:00","2010-12-10 00:00:00",LP001,"Ford Focus",53320,13,Pentaho,"199-9453 Et Road",Jeffersonville,BA,28068,9510-8044,9408-7841,Blaze,Heath,"295-1356 Suscipit Rd.",GO,Mayotte,57158,"1 55 147 5457-5956",M,Casado
219,403,1,77,04,2,02,"2008-04-01 00:00:00","2008-04-01 00:00:00",LP001,"Volkswagem Gol",14500,7,Apache,"921-6442 Congue, Street",Biddeford,SP,60349,3160-3207,6540-8921,Yasir,Dennis,"197-6924 Ipsum. Ave",RJ,Turkmenistan,29244,"1 55 478 1184-0749",F,Solteiro
220,402,2,56,01,1,04,"2011-01-10 00:00:00","2011-01-10 00:00:00",LP003,"Chevrolet Omega",128875,10,"Ambiente Livre","P.O. Box 728, 4847 Erat. Street",Fairmont,PR,89859,9137-0607,8278-8767,Raven,Emerson,"Ap #783-1492 Enim Av.",SP,"São Paulo",14184,"1 55 203 8561-7210",M,Viuvo
221,302,1,53,05,1,03,"2010-05-12 00:00:00","2010-05-12 00:00:00",LP001,"Fiat Linea",54999,14,"Ambiente Livre","P.O. Box 728, 4847 Erat. Street",Fairmont,PR,89859,9137-0607,8278-8767,Inez,Cruz,"P.O. Box 312, 2893 Metus Ave",RS,"Porto Alegre",68814,"1 55 436 2072-7494",M,Casado
222,204,2,64,01,2,02,"2010-12-30 00:00:00","2010-12-30 00:00:00",LP001,"Chevrolet Vectra",55800,6,Apache,"921-6442 Congue, Street",Biddeford,SP,60349,3160-3207,6540-8921,Lani,Huber,"P.O. Box 137, 5886 Id Street",DF,Portugal,28656,"1 55 311 6010-3140",F,Casado
223,401,1,55,02,6,02,"2010-10-16 00:00:00","2010-10-16 00:00:00",LP002,"Ford Edge",84580,5,"Red Hat","649-2745 Dictum Rd.",Plantation,RS,25259,5067-0555,3545-1348,Desiree,Landry,"P.O. Box 457, 1977 Lectus Av.",BA,Salvador,32867,"1 55 102 9643-2150",F,Viuvo
224,500,2,65,01,3,02,"2008-01-10 00:00:00","2008-01-10 00:00:00",LP001,"Ford Focus",53320,13,Pentaho,"199-9453 Et Road",Jeffersonville,BA,28068,9510-8044,9408-7841,Kaye,Rivera,"5537 Sed Ave",SP,"Equatorial Guinea",21077,"1 55 399 9910-3253",M,Viuvo
225,102,1,56,01,3,02,"2008-06-04 00:00:00","2008-06-04 00:00:00",LP003,"Hyundai Azera",118895,5,Pentaho,"199-9453 Et Road",Jeffersonville,BA,28068,9510-8044,9408-7841,Raven,Emerson,"Ap #783-1492 Enim Av.",SP,"São Paulo",14184,"1 55 203 8561-7210",M,Viuvo
225,201,3,56,01,1,02,"2008-06-04 00:00:00","2008-06-04 00:00:00",LP002,"Hiundai Tucson",85900,8,"Ambiente Livre","P.O. Box 728, 4847 Erat. Street",Fairmont,PR,89859,9137-0607,8278-8767,Raven,Emerson,"Ap #783-1492 Enim Av.",SP,"São Paulo",14184,"1 55 203 8561-7210",M,Viuvo
225,204,1,56,01,2,02,"2008-06-04 00:00:00","2008-06-04 00:00:00",LP001,"Chevrolet Vectra",55800,6,Apache,"921-6442 Congue, Street",Biddeford,SP,60349,3160-3207,6540-8921,Raven,Emerson,"Ap #783-1492 Enim Av.",SP,"São Paulo",14184,"1 55 203 8561-7210",M,Viuvo
226,201,2,63,02,1,02,"2008-01-03 00:00:00","2008-01-03 00:00:00",LP002,"Hiundai Tucson",85900,8,"Ambiente Livre","P.O. Box 728, 4847 Erat. Street",Fairmont,PR,89859,9137-0607,8278-8767,Glenna,Wall,"Ap #728-4137 Facilisis Avenue",BA,Salvador,41152,"1 55 856 5489-4394",M,Solteiro
227,202,1,57,05,6,02,"2008-01-09 00:00:00","2008-01-09 00:00:00",LP003,"Toyota Corolla",156990,9,"Red Hat","649-2745 Dictum Rd.",Plantation,RS,25259,5067-0555,3545-1348,Dustin,Terry,"Ap #242-818 Sollicitudin Avenue",SC,Florianópolis,16658,"1 55 796 3570-8804",F,Viuvo
228,204,2,71,04,2,02,"2011-02-03 00:00:00","2011-02-03 00:00:00",LP001,"Chevrolet Vectra",55800,6,Apache,"921-6442 Congue, Street",Biddeford,SP,60349,3160-3207,6540-8921,Desiree,Mcknight,"895-9966 Lorem Avenue",GO,"Holy See (Vatican City State)",09139,"1 55 189 9407-2048",F,Solteiro
229,301,3,53,05,4,02,"2010-11-10 00:00:00","2010-11-10 00:00:00",LP003,"Citroen C5",190000,10,Google,"535-5041 Lectus Road",Hartland,ES,75284,9680-6151,7806-5380,Inez,Cruz,"P.O. Box 312, 2893 Metus Ave",RS,"Porto Alegre",68814,"1 55 436 2072-7494",M,Casado
230,302,1,70,05,1,02,"2008-02-05 00:00:00","2008-02-05 00:00:00",LP001,"Fiat Linea",54999,14,"Ambiente Livre","P.O. Box 728, 4847 Erat. Street",Fairmont,PR,89859,9137-0607,8278-8767,Justine,Robbins,"Ap #780-619 Quis, Road",RS,Madagascar,76573,"1 55 195 9850-8806",M,Casado
231,303,1,53,05,1,02,"2010-12-30 00:00:00","2010-12-30 00:00:00",LP002,"KIA Sportge",83450,5,"Ambiente Livre","P.O. Box 728, 4847 Erat. Street",Fairmont,PR,89859,9137-0607,8278-8767,Inez,Cruz,"P.O. Box 312, 2893 Metus Ave",RS,"Porto Alegre",68814,"1 55 436 2072-7494",M,Casado
232,304,2,72,04,3,02,"2010-02-06 00:00:00","2010-02-06 00:00:00",LP001,"Fiat Palio",14900,5,Pentaho,"199-9453 Et Road",Jeffersonville,BA,28068,9510-8044,9408-7841,Blaze,Heath,"295-1356 Suscipit Rd.",GO,Mayotte,57158,"1 55 147 5457-5956",M,Casado
233,400,3,60,03,2,01,"2008-03-21 00:00:00","2008-03-21 00:00:00",LP001,"Volkswagem Jetta",56900,7,Apache,"921-6442 Congue, Street",Biddeford,SP,60349,3160-3207,6540-8921,Kiayada,Mccormick,"P.O. Box 255, 6409 Luctus St.",PA,Belem,33529,"1 55 154 7258-5534",M,Solteiro
234,401,2,61,01,6,01,"2010-06-06 00:00:00","2010-06-06 00:00:00",LP002,"Ford Edge",84580,5,"Red Hat","649-2745 Dictum Rd.",Plantation,RS,25259,5067-0555,3545-1348,Breanna,Hyde,"Ap #160-1936 Neque St.",SP,"Ribeirão Preto",21411,"1 55 169 3178-6135",M,Casado
235,402,1,68,05,1,02,"2010-07-12 00:00:00","2010-07-12 00:00:00",LP003,"Chevrolet Omega",128875,10,"Ambiente Livre","P.O. Box 728, 4847 Erat. Street",Fairmont,PR,89859,9137-0607,8278-8767,Nigel,Bates,"9043 Parturient Street",SC,Rwanda,19674,"1 55 522 5578-1028",M,Solteiro
236,403,2,51,05,2,02,"2010-03-12 00:00:00","2010-03-12 00:00:00",LP001,"Volkswagem Gol",14500,7,Apache,"921-6442 Congue, Street",Biddeford,SP,60349,3160-3207,6540-8921,Sydnee,Vincent,"5462 Ac Road",PR,Curitiba,81573,"1 55 547 7624-9315",M,Solteiro
237,500,3,68,05,3,02,"2010-10-16 00:00:00","2010-10-16 00:00:00",LP001,"Ford Focus",53320,13,Pentaho,"199-9453 Et Road",Jeffersonville,BA,28068,9510-8044,9408-7841,Nigel,Bates,"9043 Parturient Street",SC,Rwanda,19674,"1 55 522 5578-1028",M,Solteiro
238,504,2,54,02,5,02,"2010-09-12 00:00:00","2010-09-12 00:00:00",LP003,"BMW X3",129990,8,OpenOffice.org,"848-3105 Sagittis. Rd.",Lexington,SC,61968,4074-7588,8723-2572,Lee,Harper,"Ap #586-997 Luctus Rd.",BA,Bahamas,08152,"1 55 514 5962-4672",M,Viuvo
239,504,2,55,02,5,01,"2007-10-16 00:00:00","2007-10-30 00:00:00",LP003,"BMW X3",129990,8,OpenOffice.org,"848-3105 Sagittis. Rd.",Lexington,SC,61968,4074-7588,8723-2572,Desiree,Landry,"P.O. Box 457, 1977 Lectus Av.",BA,Salvador,32867,"1 55 102 9643-2150",F,Viuvo
240,102,1,65,01,3,04,"2008-01-10 00:00:00","2010-01-29 00:00:00",LP003,"Hyundai Azera",118895,5,Pentaho,"199-9453 Et Road",Jeffersonville,BA,28068,9510-8044,9408-7841,Kaye,Rivera,"5537 Sed Ave",SP,"Equatorial Guinea",21077,"1 55 399 9910-3253",M,Viuvo
240,302,2,65,01,1,04,"2008-01-10 00:00:00","2010-01-29 00:00:00",LP001,"Fiat Linea",54999,14,"Ambiente Livre","P.O. Box 728, 4847 Erat. Street",Fairmont,PR,89859,9137-0607,8278-8767,Kaye,Rivera,"5537 Sed Ave",SP,"Equatorial Guinea",21077,"1 55 399 9910-3253",M,Viuvo
240,504,2,65,01,5,04,"2008-01-10 00:00:00","2010-01-29 00:00:00",LP003,"BMW X3",129990,8,OpenOffice.org,"848-3105 Sagittis. Rd.",Lexington,SC,61968,4074-7588,8723-2572,Kaye,Rivera,"5537 Sed Ave",SP,"Equatorial Guinea",21077,"1 55 399 9910-3253",M,Viuvo
241,509,1,66,02,1,02,"2010-04-30 00:00:00","2010-04-30 00:00:00",LP003,"Honda Civic",140000,5,"Ambiente Livre","P.O. Box 728, 4847 Erat. Street",Fairmont,PR,89859,9137-0607,8278-8767,Warren,Mclaughlin,"870-9660 Lectus Rd.",MA,India,25308,"1 55 397 3186-3390",F,Solteiro
242,601,3,78,04,1,01,"2008-01-23 00:00:00","2008-01-23 00:00:00",LP001,"Chevrolet Corsa",14300,5,"Ambiente Livre","P.O. Box 728, 4847 Erat. Street",Fairmont,PR,89859,9137-0607,8278-8767,Yoshi,Gross,"892-3324 Tempor Rd.",RJ,Fiji,75319,"1 55 190 3843-5827",F,Casado
243,704,2,75,04,5,01,"2010-08-12 00:00:00","2010-08-12 00:00:00",LP003,"Volkswagem Passat",119999,3,OpenOffice.org,"848-3105 Sagittis. Rd.",Lexington,SC,61968,4074-7588,8723-2572,Amal,Sanders,"8524 Vivamus St.",RJ,"Bouvet Island",27181,"1 55 148 1852-6648",M,Solteiro
244,804,1,79,02,3,01,"2010-10-12 00:00:00","2010-10-12 00:00:00",LP002,"Jeep Gran Cherokee",80000,1,Pentaho,"199-9453 Et Road",Jeffersonville,BA,28068,9510-8044,9408-7841,Lacy,Barron,"7613 Varius St.",AL,Australia,45865,"1 55 965 2494-0777",F,Solteiro
245,201,7,56,01,1,05,"2008-06-04 00:00:00","2010-06-19 00:00:00",LP002,"Hiundai Tucson",85900,8,"Ambiente Livre","P.O. Box 728, 4847 Erat. Street",Fairmont,PR,89859,9137-0607,8278-8767,Raven,Emerson,"Ap #783-1492 Enim Av.",SP,"São Paulo",14184,"1 55 203 8561-7210",M,Viuvo
245,302,4,56,01,1,05,"2008-06-04 00:00:00","2010-06-19 00:00:00",LP001,"Fiat Linea",54999,14,"Ambiente Livre","P.O. Box 728, 4847 Erat. Street",Fairmont,PR,89859,9137-0607,8278-8767,Raven,Emerson,"Ap #783-1492 Enim Av.",SP,"São Paulo",14184,"1 55 203 8561-7210",M,Viuvo
246,201,6,63,02,1,06,"2008-01-03 00:00:00","2010-01-24 00:00:00",LP002,"Hiundai Tucson",85900,8,"Ambiente Livre","P.O. Box 728, 4847 Erat. Street",Fairmont,PR,89859,9137-0607,8278-8767,Glenna,Wall,"Ap #728-4137 Facilisis Avenue",BA,Salvador,41152,"1 55 856 5489-4394",M,Solteiro
247,304,1,57,05,3,03,"2008-01-09 00:00:00","2010-01-24 00:00:00",LP001,"Fiat Palio",14900,5,Pentaho,"199-9453 Et Road",Jeffersonville,BA,28068,9510-8044,9408-7841,Dustin,Terry,"Ap #242-818 Sollicitudin Avenue",SC,Florianópolis,16658,"1 55 796 3570-8804",F,Viuvo
248,601,1,71,04,1,05,"2011-02-03 00:00:00","2011-02-27 00:00:00",LP001,"Chevrolet Corsa",14300,5,"Ambiente Livre","P.O. Box 728, 4847 Erat. Street",Fairmont,PR,89859,9137-0607,8278-8767,Desiree,Mcknight,"895-9966 Lorem Avenue",GO,"Holy See (Vatican City State)",09139,"1 55 189 9407-2048",F,Solteiro
249,304,7,53,05,3,04,"2007-11-10 00:00:00","2007-11-28 00:00:00",LP001,"Fiat Palio",14900,5,Pentaho,"199-9453 Et Road",Jeffersonville,BA,28068,9510-8044,9408-7841,Inez,Cruz,"P.O. Box 312, 2893 Metus Ave",RS,"Porto Alegre",68814,"1 55 436 2072-7494",M,Casado
250,202,5,70,05,6,02,"2008-02-05 00:00:00","2010-02-20 00:00:00",LP003,"Toyota Corolla",156990,9,"Red Hat","649-2745 Dictum Rd.",Plantation,RS,25259,5067-0555,3545-1348,Justine,Robbins,"Ap #780-619 Quis, Road",RS,Madagascar,76573,"1 55 195 9850-8806",M,Casado
251,102,4,53,05,3,04,"2007-12-30 00:00:00","2010-01-30 00:00:00",LP003,"Hyundai Azera",118895,5,Pentaho,"199-9453 Et Road",Jeffersonville,BA,28068,9510-8044,9408-7841,Inez,Cruz,"P.O. Box 312, 2893 Metus Ave",RS,"Porto Alegre",68814,"1 55 436 2072-7494",M,Casado
252,301,1,72,04,4,02,"2007-02-06 00:00:00","2007-02-26 00:00:00",LP003,"Citroen C5",190000,10,Google,"535-5041 Lectus Road",Hartland,ES,75284,9680-6151,7806-5380,Blaze,Heath,"295-1356 Suscipit Rd.",GO,Mayotte,57158,"1 55 147 5457-5956",M,Casado
253,101,8,60,03,6,05,"2008-03-21 00:00:00","2010-03-31 00:00:00",LP002,"Toyota Hilux",91000,5,"Red Hat","649-2745 Dictum Rd.",Plantation,RS,25259,5067-0555,3545-1348,Kiayada,Mccormick,"P.O. Box 255, 6409 Luctus St.",PA,Belem,33529,"1 55 154 7258-5534",M,Solteiro
254,204,1,61,01,2,03,"2007-06-06 00:00:00","2007-06-30 00:00:00",LP001,"Chevrolet Vectra",55800,6,Apache,"921-6442 Congue, Street",Biddeford,SP,60349,3160-3207,6540-8921,Breanna,Hyde,"Ap #160-1936 Neque St.",SP,"Ribeirão Preto",21411,"1 55 169 3178-6135",M,Casado
255,302,3,68,05,1,01,"2007-07-12 00:00:00","2007-07-24 00:00:00",LP001,"Fiat Linea",54999,14,"Ambiente Livre","P.O. Box 728, 4847 Erat. Street",Fairmont,PR,89859,9137-0607,8278-8767,Nigel,Bates,"9043 Parturient Street",SC,Rwanda,19674,"1 55 522 5578-1028",M,Solteiro
256,509,5,51,05,1,04,"2007-03-12 00:00:00","2007-03-29 00:00:00",LP003,"Honda Civic",140000,5,"Ambiente Livre","P.O. Box 728, 4847 Erat. Street",Fairmont,PR,89859,9137-0607,8278-8767,Sydnee,Vincent,"5462 Ac Road",PR,Curitiba,81573,"1 55 547 7624-9315",M,Solteiro
257,304,6,68,05,3,03,"2007-10-16 00:00:00","2007-10-29 00:00:00",LP001,"Fiat Palio",14900,5,Pentaho,"199-9453 Et Road",Jeffersonville,BA,28068,9510-8044,9408-7841,Nigel,Bates,"9043 Parturient Street",SC,Rwanda,19674,"1 55 522 5578-1028",M,Solteiro
258,201,5,54,02,1,06,"2007-09-12 00:00:00","2007-09-29 00:00:00",LP002,"Hiundai Tucson",85900,8,"Ambiente Livre","P.O. Box 728, 4847 Erat. Street",Fairmont,PR,89859,9137-0607,8278-8767,Lee,Harper,"Ap #586-997 Luctus Rd.",BA,Bahamas,08152,"1 55 514 5962-4672",M,Viuvo
259,101,12,66,02,6,05,"2007-04-30 00:00:00","2007-05-17 00:00:00",LP002,"Toyota Hilux",91000,5,"Red Hat","649-2745 Dictum Rd.",Plantation,RS,25259,5067-0555,3545-1348,Warren,Mclaughlin,"870-9660 Lectus Rd.",MA,India,25308,"1 55 397 3186-3390",F,Solteiro
260,101,1,78,04,6,05,"2008-01-23 00:00:00","2010-02-15 00:00:00",LP002,"Toyota Hilux",91000,5,"Red Hat","649-2745 Dictum Rd.",Plantation,RS,25259,5067-0555,3545-1348,Yoshi,Gross,"892-3324 Tempor Rd.",RJ,Fiji,75319,"1 55 190 3843-5827",F,Casado
261,301,2,75,04,4,05,"2007-08-12 00:00:00","2007-08-30 00:00:00",LP003,"Citroen C5",190000,10,Google,"535-5041 Lectus Road",Hartland,ES,75284,9680-6151,7806-5380,Amal,Sanders,"8524 Vivamus St.",RJ,"Bouvet Island",27181,"1 55 148 1852-6648",M,Solteiro
262,101,1,79,02,6,01,"2007-10-12 00:00:00","2007-10-28 00:00:00",LP002,"Toyota Hilux",91000,5,"Red Hat","649-2745 Dictum Rd.",Plantation,RS,25259,5067-0555,3545-1348,Lacy,Barron,"7613 Varius St.",AL,Australia,45865,"1 55 965 2494-0777",F,Solteiro
263,204,1,78,04,2,01,"2007-09-28 00:00:00","2007-10-01 00:00:00",LP001,"Chevrolet Vectra",55800,6,Apache,"921-6442 Congue, Street",Biddeford,SP,60349,3160-3207,6540-8921,Yoshi,Gross,"892-3324 Tempor Rd.",RJ,Fiji,75319,"1 55 190 3843-5827",F,Casado
263,303,1,78,04,1,01,"2007-09-28 00:00:00","2007-10-01 00:00:00",LP002,"KIA Sportge",83450,5,"Ambiente Livre","P.O. Box 728, 4847 Erat. Street",Fairmont,PR,89859,9137-0607,8278-8767,Yoshi,Gross,"892-3324 Tempor Rd.",RJ,Fiji,75319,"1 55 190 3843-5827",F,Casado
264,303,1,66,02,1,01,"2007-09-26 00:00:00","2007-09-27 00:00:00",LP002,"KIA Sportge",83450,5,"Ambiente Livre","P.O. Box 728, 4847 Erat. Street",Fairmont,PR,89859,9137-0607,8278-8767,Warren,Mclaughlin,"870-9660 Lectus Rd.",MA,India,25308,"1 55 397 3186-3390",F,Solteiro
265,102,3,56,01,3,01,"2007-07-21 00:00:00","2007-07-25 00:00:00",LP003,"Hyundai Azera",118895,5,Pentaho,"199-9453 Et Road",Jeffersonville,BA,28068,9510-8044,9408-7841,Raven,Emerson,"Ap #783-1492 Enim Av.",SP,"São Paulo",14184,"1 55 203 8561-7210",M,Viuvo
266,504,1,79,02,5,01,"2007-08-14 00:00:00","2007-08-15 00:00:00",LP003,"BMW X3",129990,8,OpenOffice.org,"848-3105 Sagittis. Rd.",Lexington,SC,61968,4074-7588,8723-2572,Lacy,Barron,"7613 Varius St.",AL,Australia,45865,"1 55 965 2494-0777",F,Solteiro
266,804,1,79,02,3,01,"2007-08-14 00:00:00","2007-08-15 00:00:00",LP002,"Jeep Gran Cherokee",80000,1,Pentaho,"199-9453 Et Road",Jeffersonville,BA,28068,9510-8044,9408-7841,Lacy,Barron,"7613 Varius St.",AL,Australia,45865,"1 55 965 2494-0777",F,Solteiro
267,204,2,63,02,2,01,"2007-08-17 00:00:00","2007-08-16 00:00:00",LP001,"Chevrolet Vectra",55800,6,Apache,"921-6442 Congue, Street",Biddeford,SP,60349,3160-3207,6540-8921,Glenna,Wall,"Ap #728-4137 Facilisis Avenue",BA,Salvador,41152,"1 55 856 5489-4394",M,Solteiro
267,400,1,63,02,2,01,"2007-08-17 00:00:00","2007-08-16 00:00:00",LP001,"Volkswagem Jetta",56900,7,Apache,"921-6442 Congue, Street",Biddeford,SP,60349,3160-3207,6540-8921,Glenna,Wall,"Ap #728-4137 Facilisis Avenue",BA,Salvador,41152,"1 55 856 5489-4394",M,Solteiro
267,704,1,63,02,5,01,"2007-08-17 00:00:00","2007-08-16 00:00:00",LP003,"Volkswagem Passat",119999,3,OpenOffice.org,"848-3105 Sagittis. Rd.",Lexington,SC,61968,4074-7588,8723-2572,Glenna,Wall,"Ap #728-4137 Facilisis Avenue",BA,Salvador,41152,"1 55 856 5489-4394",M,Solteiro
268,301,1,55,02,4,01,"2007-07-29 00:00:00","2007-07-30 00:00:00",LP003,"Citroen C5",190000,10,Google,"535-5041 Lectus Road",Hartland,ES,75284,9680-6151,7806-5380,Desiree,Landry,"P.O. Box 457, 1977 Lectus Av.",BA,Salvador,32867,"1 55 102 9643-2150",F,Viuvo
269,401,1,57,05,6,01,"2007-09-03 00:00:00","2007-09-04 00:00:00",LP002,"Ford Edge",84580,5,"Red Hat","649-2745 Dictum Rd.",Plantation,RS,25259,5067-0555,3545-1348,Dustin,Terry,"Ap #242-818 Sollicitudin Avenue",SC,Florianópolis,16658,"1 55 796 3570-8804",F,Viuvo
270,402,2,51,05,1,01,"2007-12-27 00:00:00","2007-12-27 00:00:00",LP003,"Chevrolet Omega",128875,10,"Ambiente Livre","P.O. Box 728, 4847 Erat. Street",Fairmont,PR,89859,9137-0607,8278-8767,Sydnee,Vincent,"5462 Ac Road",PR,Curitiba,81573,"1 55 547 7624-9315",M,Solteiro
271,403,1,78,04,2,01,"2007-11-06 00:00:00","2007-11-07 00:00:00",LP001,"Volkswagem Gol",14500,7,Apache,"921-6442 Congue, Street",Biddeford,SP,60349,3160-3207,6540-8921,Yoshi,Gross,"892-3324 Tempor Rd.",RJ,Fiji,75319,"1 55 190 3843-5827",F,Casado
272,500,2,70,05,3,01,"2007-12-12 00:00:00","2007-12-13 00:00:00",LP001,"Ford Focus",53320,13,Pentaho,"199-9453 Et Road",Jeffersonville,BA,28068,9510-8044,9408-7841,Justine,Robbins,"Ap #780-619 Quis, Road",RS,Madagascar,76573,"1 55 195 9850-8806",M,Casado
273,401,1,72,04,6,01,"2011-02-13 00:00:00","2011-02-16 00:00:00",LP002,"Ford Edge",84580,5,"Red Hat","649-2745 Dictum Rd.",Plantation,RS,25259,5067-0555,3545-1348,Blaze,Heath,"295-1356 Suscipit Rd.",GO,Mayotte,57158,"1 55 147 5457-5956",M,Casado
274,402,2,54,02,1,01,"2011-01-14 00:00:00","2011-01-17 00:00:00",LP003,"Chevrolet Omega",128875,10,"Ambiente Livre","P.O. Box 728, 4847 Erat. Street",Fairmont,PR,89859,9137-0607,8278-8767,Lee,Harper,"Ap #586-997 Luctus Rd.",BA,Bahamas,08152,"1 55 514 5962-4672",M,Viuvo
275,403,1,63,02,2,01,"2011-01-15 00:00:00","2011-01-16 00:00:00",LP001,"Volkswagem Gol",14500,7,Apache,"921-6442 Congue, Street",Biddeford,SP,60349,3160-3207,6540-8921,Glenna,Wall,"Ap #728-4137 Facilisis Avenue",BA,Salvador,41152,"1 55 856 5489-4394",M,Solteiro
276,500,2,61,01,3,01,"2011-02-16 00:00:00","2011-02-17 00:00:00",LP001,"Ford Focus",53320,13,Pentaho,"199-9453 Et Road",Jeffersonville,BA,28068,9510-8044,9408-7841,Breanna,Hyde,"Ap #160-1936 Neque St.",SP,"Ribeirão Preto",21411,"1 55 169 3178-6135",M,Casado
277,401,1,55,02,6,01,"2011-01-16 00:00:00","2011-01-17 00:00:00",LP002,"Ford Edge",84580,5,"Red Hat","649-2745 Dictum Rd.",Plantation,RS,25259,5067-0555,3545-1348,Desiree,Landry,"P.O. Box 457, 1977 Lectus Av.",BA,Salvador,32867,"1 55 102 9643-2150",F,Viuvo
278,402,2,57,05,1,01,"2011-02-05 00:00:00","2011-02-07 00:00:00",LP003,"Chevrolet Omega",128875,10,"Ambiente Livre","P.O. Box 728, 4847 Erat. Street",Fairmont,PR,89859,9137-0607,8278-8767,Dustin,Terry,"Ap #242-818 Sollicitudin Avenue",SC,Florianópolis,16658,"1 55 796 3570-8804",F,Viuvo
279,403,1,51,05,2,01,"2011-01-23 00:00:00","2011-01-25 00:00:00",LP001,"Volkswagem Gol",14500,7,Apache,"921-6442 Congue, Street",Biddeford,SP,60349,3160-3207,6540-8921,Sydnee,Vincent,"5462 Ac Road",PR,Curitiba,81573,"1 55 547 7624-9315",M,Solteiro
280,500,2,78,04,3,01,"2011-01-01 00:00:00","2011-01-02 00:00:00",LP001,"Ford Focus",53320,13,Pentaho,"199-9453 Et Road",Jeffersonville,BA,28068,9510-8044,9408-7841,Yoshi,Gross,"892-3324 Tempor Rd.",RJ,Fiji,75319,"1 55 190 3843-5827",F,Casado
281,401,1,70,05,6,01,"2011-02-23 00:00:00","2011-02-24 00:00:00",LP002,"Ford Edge",84580,5,"Red Hat","649-2745 Dictum Rd.",Plantation,RS,25259,5067-0555,3545-1348,Justine,Robbins,"Ap #780-619 Quis, Road",RS,Madagascar,76573,"1 55 195 9850-8806",M,Casado
282,402,22,54,02,1,01,"2011-01-12 00:00:00","2011-01-14 00:00:00",LP003,"Chevrolet Omega",128875,10,"Ambiente Livre","P.O. Box 728, 4847 Erat. Street",Fairmont,PR,89859,9137-0607,8278-8767,Lee,Harper,"Ap #586-997 Luctus Rd.",BA,Bahamas,08152,"1 55 514 5962-4672",M,Viuvo
300,402,2,63,02,1,01,"2011-01-13 00:00:00","2011-01-15 00:00:00",LP003,"Chevrolet Omega",128875,10,"Ambiente Livre","P.O. Box 728, 4847 Erat. Street",Fairmont,PR,89859,9137-0607,8278-8767,Glenna,Wall,"Ap #728-4137 Facilisis Avenue",BA,Salvador,41152,"1 55 856 5489-4394",M,Solteiro
301,402,2,61,01,1,01,"2011-01-09 00:00:00","2011-01-14 00:00:00",LP003,"Chevrolet Omega",128875,10,"Ambiente Livre","P.O. Box 728, 4847 Erat. Street",Fairmont,PR,89859,9137-0607,8278-8767,Breanna,Hyde,"Ap #160-1936 Neque St.",SP,"Ribeirão Preto",21411,"1 55 169 3178-6135",M,Casado
302,403,2,72,04,2,01,"2007-12-10 00:00:00","2007-12-11 00:00:00",LP001,"Volkswagem Gol",14500,7,Apache,"921-6442 Congue, Street",Biddeford,SP,60349,3160-3207,6540-8921,Blaze,Heath,"295-1356 Suscipit Rd.",GO,Mayotte,57158,"1 55 147 5457-5956",M,Casado
303,500,2,77,04,3,01,"2008-04-01 00:00:00","2010-06-10 00:00:00",LP001,"Ford Focus",53320,13,Pentaho,"199-9453 Et Road",Jeffersonville,BA,28068,9510-8044,9408-7841,Yasir,Dennis,"197-6924 Ipsum. Ave",RJ,Turkmenistan,29244,"1 55 478 1184-0749",F,Solteiro
304,401,3,56,01,6,04,"2011-01-10 00:00:00","2011-02-02 00:00:00",LP002,"Ford Edge",84580,5,"Red Hat","649-2745 Dictum Rd.",Plantation,RS,25259,5067-0555,3545-1348,Raven,Emerson,"Ap #783-1492 Enim Av.",SP,"São Paulo",14184,"1 55 203 8561-7210",M,Viuvo
305,402,1,53,05,1,03,"2007-05-12 00:00:00","2007-05-27 00:00:00",LP003,"Chevrolet Omega",128875,10,"Ambiente Livre","P.O. Box 728, 4847 Erat. Street",Fairmont,PR,89859,9137-0607,8278-8767,Inez,Cruz,"P.O. Box 312, 2893 Metus Ave",RS,"Porto Alegre",68814,"1 55 436 2072-7494",M,Casado
306,403,2,64,01,2,02,"2007-12-30 00:00:00","2010-01-20 00:00:00",LP001,"Volkswagem Gol",14500,7,Apache,"921-6442 Congue, Street",Biddeford,SP,60349,3160-3207,6540-8921,Lani,Huber,"P.O. Box 137, 5886 Id Street",DF,Portugal,28656,"1 55 311 6010-3140",F,Casado
307,500,1,55,02,3,01,"2007-10-16 00:00:00","2007-10-30 00:00:00",LP001,"Ford Focus",53320,13,Pentaho,"199-9453 Et Road",Jeffersonville,BA,28068,9510-8044,9408-7841,Desiree,Landry,"P.O. Box 457, 1977 Lectus Av.",BA,Salvador,32867,"1 55 102 9643-2150",F,Viuvo
308,401,2,65,01,6,01,"2008-01-10 00:00:00","2010-01-29 00:00:00",LP002,"Ford Edge",84580,5,"Red Hat","649-2745 Dictum Rd.",Plantation,RS,25259,5067-0555,3545-1348,Kaye,Rivera,"5537 Sed Ave",SP,"Equatorial Guinea",21077,"1 55 399 9910-3253",M,Viuvo
309,402,1,56,01,1,01,"2008-06-04 00:00:00","2010-06-19 00:00:00",LP003,"Chevrolet Omega",128875,10,"Ambiente Livre","P.O. Box 728, 4847 Erat. Street",Fairmont,PR,89859,9137-0607,8278-8767,Raven,Emerson,"Ap #783-1492 Enim Av.",SP,"São Paulo",14184,"1 55 203 8561-7210",M,Viuvo
310,403,2,63,02,2,01,"2008-01-03 00:00:00","2010-01-24 00:00:00",LP001,"Volkswagem Gol",14500,7,Apache,"921-6442 Congue, Street",Biddeford,SP,60349,3160-3207,6540-8921,Glenna,Wall,"Ap #728-4137 Facilisis Avenue",BA,Salvador,41152,"1 55 856 5489-4394",M,Solteiro
311,500,1,57,05,3,01,"2008-01-09 00:00:00","2010-01-24 00:00:00",LP001,"Ford Focus",53320,13,Pentaho,"199-9453 Et Road",Jeffersonville,BA,28068,9510-8044,9408-7841,Dustin,Terry,"Ap #242-818 Sollicitudin Avenue",SC,Florianópolis,16658,"1 55 796 3570-8804",F,Viuvo
312,500,2,71,04,3,01,"2011-02-03 00:00:00","2011-02-27 00:00:00",LP001,"Ford Focus",53320,13,Pentaho,"199-9453 Et Road",Jeffersonville,BA,28068,9510-8044,9408-7841,Desiree,Mcknight,"895-9966 Lorem Avenue",GO,"Holy See (Vatican City State)",09139,"1 55 189 9407-2048",F,Solteiro
313,403,2,53,05,2,01,"2007-11-10 00:00:00","2007-11-28 00:00:00",LP001,"Volkswagem Gol",14500,7,Apache,"921-6442 Congue, Street",Biddeford,SP,60349,3160-3207,6540-8921,Inez,Cruz,"P.O. Box 312, 2893 Metus Ave",RS,"Porto Alegre",68814,"1 55 436 2072-7494",M,Casado
314,500,1,70,05,3,01,"2008-02-05 00:00:00","2010-02-20 00:00:00",LP001,"Ford Focus",53320,13,Pentaho,"199-9453 Et Road",Jeffersonville,BA,28068,9510-8044,9408-7841,Justine,Robbins,"Ap #780-619 Quis, Road",RS,Madagascar,76573,"1 55 195 9850-8806",M,Casado
315,401,2,53,05,6,01,"2007-12-30 00:00:00","2010-01-30 00:00:00",LP002,"Ford Edge",84580,5,"Red Hat","649-2745 Dictum Rd.",Plantation,RS,25259,5067-0555,3545-1348,Inez,Cruz,"P.O. Box 312, 2893 Metus Ave",RS,"Porto Alegre",68814,"1 55 436 2072-7494",M,Casado
316,402,1,72,04,1,01,"2007-02-06 00:00:00","2007-02-26 00:00:00",LP003,"Chevrolet Omega",128875,10,"Ambiente Livre","P.O. Box 728, 4847 Erat. Street",Fairmont,PR,89859,9137-0607,8278-8767,Blaze,Heath,"295-1356 Suscipit Rd.",GO,Mayotte,57158,"1 55 147 5457-5956",M,Casado
317,403,2,60,03,2,01,"2008-03-21 00:00:00","2010-03-31 00:00:00",LP001,"Volkswagem Gol",14500,7,Apache,"921-6442 Congue, Street",Biddeford,SP,60349,3160-3207,6540-8921,Kiayada,Mccormick,"P.O. Box 255, 6409 Luctus St.",PA,Belem,33529,"1 55 154 7258-5534",M,Solteiro
318,500,3,61,01,3,01,"2007-06-06 00:00:00","2007-06-30 00:00:00",LP001,"Ford Focus",53320,13,Pentaho,"199-9453 Et Road",Jeffersonville,BA,28068,9510-8044,9408-7841,Breanna,Hyde,"Ap #160-1936 Neque St.",SP,"Ribeirão Preto",21411,"1 55 169 3178-6135",M,Casado
319,401,2,68,05,6,01,"2007-07-12 00:00:00","2007-07-24 00:00:00",LP002,"Ford Edge",84580,5,"Red Hat","649-2745 Dictum Rd.",Plantation,RS,25259,5067-0555,3545-1348,Nigel,Bates,"9043 Parturient Street",SC,Rwanda,19674,"1 55 522 5578-1028",M,Solteiro
320,402,1,51,05,1,01,"2007-03-12 00:00:00","2007-03-29 00:00:00",LP003,"Chevrolet Omega",128875,10,"Ambiente Livre","P.O. Box 728, 4847 Erat. Street",Fairmont,PR,89859,9137-0607,8278-8767,Sydnee,Vincent,"5462 Ac Road",PR,Curitiba,81573,"1 55 547 7624-9315",M,Solteiro
321,403,2,68,05,2,01,"2007-10-16 00:00:00","2007-10-29 00:00:00",LP001,"Volkswagem Gol",14500,7,Apache,"921-6442 Congue, Street",Biddeford,SP,60349,3160-3207,6540-8921,Nigel,Bates,"9043 Parturient Street",SC,Rwanda,19674,"1 55 522 5578-1028",M,Solteiro
322,500,1,54,02,3,01,"2007-09-12 00:00:00","2007-09-29 00:00:00",LP001,"Ford Focus",53320,13,Pentaho,"199-9453 Et Road",Jeffersonville,BA,28068,9510-8044,9408-7841,Lee,Harper,"Ap #586-997 Luctus Rd.",BA,Bahamas,08152,"1 55 514 5962-4672",M,Viuvo
323,401,2,66,02,6,01,"2007-04-30 00:00:00","2007-05-17 00:00:00",LP002,"Ford Edge",84580,5,"Red Hat","649-2745 Dictum Rd.",Plantation,RS,25259,5067-0555,3545-1348,Warren,Mclaughlin,"870-9660 Lectus Rd.",MA,India,25308,"1 55 397 3186-3390",F,Solteiro
324,402,2,78,04,1,01,"2008-01-23 00:00:00","2010-02-15 00:00:00",LP003,"Chevrolet Omega",128875,10,"Ambiente Livre","P.O. Box 728, 4847 Erat. Street",Fairmont,PR,89859,9137-0607,8278-8767,Yoshi,Gross,"892-3324 Tempor Rd.",RJ,Fiji,75319,"1 55 190 3843-5827",F,Casado
325,403,1,75,04,2,01,"2007-08-12 00:00:00","2007-08-30 00:00:00",LP001,"Volkswagem Gol",14500,7,Apache,"921-6442 Congue, Street",Biddeford,SP,60349,3160-3207,6540-8921,Amal,Sanders,"8524 Vivamus St.",RJ,"Bouvet Island",27181,"1 55 148 1852-6648",M,Solteiro
326,500,3,79,02,3,01,"2007-10-12 00:00:00","2007-10-28 00:00:00",LP001,"Ford Focus",53320,13,Pentaho,"199-9453 Et Road",Jeffersonville,BA,28068,9510-8044,9408-7841,Lacy,Barron,"7613 Varius St.",AL,Australia,45865,"1 55 965 2494-0777",F,Solteiro
